First Name,Last Name,Email,Phone Number
,Willman,Amanda@Willman.com,
Daniel,Hamilton,Daniel@Hamilton.com,3302587101
Cathy,Nemeth,Cathy@Nemeth.com,6496160009
Leigh,Pena,Leigh@Pena.com,5485092872
Robert,Collard,Robert@Collard.com,6971991269
Carolyn,Warner,Carolyn@Warner.com,3901016083
Robert,Biagioni,Robert@Biagioni.com,7530146163
Marion,Hawkins,Marion@Hawkins.com,
Lillian,Yuste,Lillian@Yuste.com,8170732423
Philip,Newman,,4731549500
Marvin,Rodriguez,Marvin@Rodriguez.com,6717896710
Francis,,Francis@Greer.com,
Charles,Morell,Charles@Morell.com,7193892957
,Seals,,4830318827
Carl,Conroy,Carl@Conroy.com,9672209410
William,,William@Jack.com,3221488265
Alexander,Schappert,Alexander@Schappert.com,2544992387
Lynnette,Robinson,Lynnette@Robinson.com,3382379525
Karla,Leary,Karla@Leary.com,1950338014
Earl,Walker,Earl@Walker.com,5854376897
,Fleck,Myrtle@Fleck.com,5064075351
Harold,Mclachlan,Harold@Mclachlan.com,3586591878
Elaine,Mulkey,Elaine@Mulkey.com,4707373061
Cindy,Spencer,Cindy@Spencer.com,4229405731
Dora,Shaw,Dora@Shaw.com,8851066591
,Baughman,James@Baughman.com,
Andrea,Sampson,Andrea@Sampson.com,5037478692
Matthew,Erhardt,Matthew@Erhardt.com,8405363384
Esther,Imlay,Esther@Imlay.com,7873716823
Leonardo,Miraflores,Leonardo@Miraflores.com,7129793079
Juan,Hillebrand,Juan@Hillebrand.com,9942955335
George,Harrington,,3949683281
Linda,Jensen,Linda@Jensen.com,1627906496
Kenneth,Cooper,Kenneth@Cooper.com,1020730693
Eugene,Seutter,Eugene@Seutter.com,4694141234
Ella,,Ella@Ralston.com,1900503543
Jerry,Williams,Jerry@Williams.com,9731417962
Steven,Serrato,Steven@Serrato.com,9436251519
Danny,Schaible,Danny@Schaible.com,5380963933
Jim,Price,Jim@Price.com,8542916349
Kevin,Hamilton,Kevin@Hamilton.com,6057088449
Tammara,Hoskins,Tammara@Hoskins.com,8868673535
Kimberly,Mcbain,Kimberly@Mcbain.com,2126553982
Justin,Bowden,Justin@Bowden.com,3078106008
Ken,Pierce,Ken@Pierce.com,6833876741
Margaret,Elder,Margaret@Elder.com,
,Toro,,6574401015
Tommy,Baylor,,5900469552
,Mullis,Bonnie@Mullis.com,3655507205
Brad,Jahn,Brad@Jahn.com,8023701685
Joan,Labree,Joan@Labree.com,5738601871
Michael,Nardini,Michael@Nardini.com,
Dorothy,Baeza,Dorothy@Baeza.com,7757337424
Frank,Burdick,Frank@Burdick.com,7578824525
Scott,Diaz,Scott@Diaz.com,
Cyril,Ouellette,,6427643794
James,Hart,James@Hart.com,1619668690
Angela,Guthrie,Angela@Guthrie.com,7814145662
Luella,Hartwell,Luella@Hartwell.com,1130244974
Benito,Prendergast,,5556050145
William,Munger,William@Munger.com,5880984038
Vicki,,Vicki@Urban.com,1737151535
Carmela,Howington,Carmela@Howington.com,2572725055
Kathy,,Kathy@Welch.com,8395637553
Chantay,Cook,Chantay@Cook.com,8737492971
Leo,Vanhampler,Leo@Vanhampler.com,9903494091
Carolyn,,Carolyn@Watson.com,8833668120
,Rodriguez,Rod@Rodriguez.com,5394363984
Louise,Bradford,Louise@Bradford.com,1127243095
Jerry,Sanderson,Jerry@Sanderson.com,6075304938
Sylvia,Williams,Sylvia@Williams.com,4409997631
George,,George@Mccarty.com,8576238840
James,Begley,James@Begley.com,2150577712
Brian,Fleming,Brian@Fleming.com,
Lee,Miller,Lee@Miller.com,
Jean,,Jean@Golliday.com,9345041058
Mary,Stidham,Mary@Stidham.com,
Ron,Rink,Ron@Rink.com,9925049009
Theodore,Roman,Theodore@Roman.com,2335705775
Andrea,Quinones,Andrea@Quinones.com,4974086880
Janet,Goldade,,3894213756
Betty,Vernon,Betty@Vernon.com,8856986853
Lisa,Bruce,Lisa@Bruce.com,6584218568
Roger,Pittman,Roger@Pittman.com,9047174432
Phyllis,Fullerton,Phyllis@Fullerton.com,7946126766
Justin,Dykes,Justin@Dykes.com,3017076418
Charles,Meredith,Charles@Meredith.com,4851436508
Frank,Lopez,Frank@Lopez.com,3675932562
Richard,Gottfried,Richard@Gottfried.com,1703061271
Eda,Shannon,Eda@Shannon.com,3174880590
,Cherrington,Darrin@Cherrington.com,1066266250
Debra,Depp,,6235922370
Patricia,,Patricia@Obeso.com,1206449056
John,,John@Butler.com,4487668830
Jimmy,Mielke,Jimmy@Mielke.com,9200122726
Gregorio,Anderson,Gregorio@Anderson.com,3374882458
Jaime,Keri,Jaime@Keri.com,3127667531
Adrian,,Adrian@Smalls.com,9396393296
,,Pete@Archuleta.com,6493946468
,Lawler,Darlene@Lawler.com,3075654438
Susan,Jensen,Susan@Jensen.com,5773945324
Sara,Gray,Sara@Gray.com,1085825717
Robert,Roberts,Robert@Roberts.com,8159440440
,Mapes,Michaela@Mapes.com,2907931162
David,Anderson,David@Anderson.com,3322291147
Barbara,Woodmansee,Barbara@Woodmansee.com,1645718487
Scott,Lilly,Scott@Lilly.com,5050119021
,Zammetti,Brian@Zammetti.com,2832409570
Jason,Burgher,Jason@Burgher.com,1753877689
Amanda,Richter,Amanda@Richter.com,5264984935
John,Martinez,John@Martinez.com,5710698366
,Lazarus,Philip@Lazarus.com,8541850726
Latoya,Nelms,Latoya@Nelms.com,6436722424
Priscilla,Mckay,Priscilla@Mckay.com,9853819920
Lucille,Clark,Lucille@Clark.com,
William,,,2521346742
Suzanne,Hilsinger,Suzanne@Hilsinger.com,8153694244
Kate,Butler,Kate@Butler.com,5353392130
,Autry,Mavis@Autry.com,5408118271
Virgie,Moser,Virgie@Moser.com,5872905168
Dorian,Walton,,8946259025
Andrew,Chamberlain,Andrew@Chamberlain.com,3313738457
Shirley,Kagan,Shirley@Kagan.com,4422874068
Susan,Williams,Susan@Williams.com,1829080435
Michael,Tilley,Michael@Tilley.com,8815524945
,Bracken,Lois@Bracken.com,8360074655
Richard,Shinn,Richard@Shinn.com,8656988547
Nina,Robeson,,7616613579
Douglas,Mcgee,,1992424413
Johnathan,Frith,Johnathan@Frith.com,4103912915
,Jones,Stephanie@Jones.com,
Iva,,Iva@Mclane.com,6800982804
Joan,Murillo,Joan@Murillo.com,4612635199
Christine,Williams,Christine@Williams.com,9635278099
Nancy,Robinson,Nancy@Robinson.com,5868859973
Ryan,Hailey,,1682481264
Kathryn,Whittle,Kathryn@Whittle.com,9957696825
Rosario,Penn,Rosario@Penn.com,2366427452
,Michaels,Lisa@Michaels.com,3893288096
Kathy,Atkison,Kathy@Atkison.com,4001935800
Katie,Irion,Katie@Irion.com,4706572760
Kevin,Lawson,Kevin@Lawson.com,1921123619
Lisa,Mcgrath,Lisa@Mcgrath.com,8283015652
Beverly,Valine,Beverly@Valine.com,3594090061
Meghan,Savoy,Meghan@Savoy.com,5808374790
Madeline,Sliwa,Madeline@Sliwa.com,
Cynthia,Bond,,7599550831
Guillermo,Leary,Guillermo@Leary.com,2654221144
Melissa,Bradford,Melissa@Bradford.com,4105911944
Raymond,Sutton,Raymond@Sutton.com,4354730269
Danielle,Pro,Danielle@Pro.com,
John,Wilbanks,John@Wilbanks.com,7580508484
Charles,Smith,Charles@Smith.com,8916087173
Victor,Whatley,Victor@Whatley.com,5280274113
Steven,Bowman,Steven@Bowman.com,4580285775
,Anderson,,7948579670
Dennis,Montiel,Dennis@Montiel.com,3557007656
Deborah,Gonzales,,3394548372
Paul,Boynton,Paul@Boynton.com,7691525904
James,David,James@David.com,8421297278
Mary,Posey,Mary@Posey.com,1737087864
Raymond,Shelly,Raymond@Shelly.com,8422446470
Kelly,Stanfield,Kelly@Stanfield.com,4054150980
Ray,Gavin,Ray@Gavin.com,1707661464
,Murray,Eric@Murray.com,5188837558
Bertie,Krane,Bertie@Krane.com,9220500641
Laura,Gonzales,Laura@Gonzales.com,
Mike,Monroe,Mike@Monroe.com,8321658498
George,Lovelock,George@Lovelock.com,4037933745
Julia,Mcdowell,,1489961876
James,,James@Hardin.com,8075766859
Richard,Holthaus,Richard@Holthaus.com,3974492409
David,Lee,David@Lee.com,5949009128
Marquis,Castano,Marquis@Castano.com,3834246485
James,Harris,James@Harris.com,1772498171
Elizabeth,Kearney,Elizabeth@Kearney.com,8841441114
Connie,Chaffins,Connie@Chaffins.com,9209773600
Darla,Wicks,Darla@Wicks.com,4033840607
Samantha,Myers,Samantha@Myers.com,9970734896
Maria,Oneil,Maria@Oneil.com,6293875368
Christine,Simpson,,9963022843
Jill,,Jill@Bennett.com,9852093524
,Delarosa,Lauren@Delarosa.com,3243370648
Robert,Fiorita,Robert@Fiorita.com,5342748086
Irma,Smith,Irma@Smith.com,5307560889
,,Frances@Flynn.com,3689336030
Amy,Stuck,Amy@Stuck.com,9448719317
Jose,Richardson,Jose@Richardson.com,3588918189
Joseph,Gonzales,Joseph@Gonzales.com,
,Tucker,Jose@Tucker.com,
Mary,Griggs,Mary@Griggs.com,6566845320
Eve,Cavett,Eve@Cavett.com,2363547779
Ann,Baize,Ann@Baize.com,8283140911
Andrea,Jolissaint,,1440732182
Matthew,Moreau,Matthew@Moreau.com,2221265806
Shirley,Sprouse,Shirley@Sprouse.com,1168702665
Mary,Padilla,,4801621543
Judy,Martin,Judy@Martin.com,5191431933
Andy,Black,Andy@Black.com,1061500982
John,Howdeshell,John@Howdeshell.com,4825993240
