First Name,Last Name,Email,Phone Number
Andrea,,Andrea@Osorno.com,1174889270
Alan,Helm,Alan@Helm.com,5691821474
,Szczepanek,James@Szczepanek.com,9550365635
Leslie,Farmer,Leslie@Farmer.com,8906384606
Willie,White,Willie@White.com,4000742236
Kenneth,Scherman,Kenneth@Scherman.com,9963020293
Rhonda,Pusey,Rhonda@Pusey.com,4205704686
Loretta,Wood,Loretta@Wood.com,8343330264
Alberto,Dalton,Alberto@Dalton.com,5629374566
Bryan,Smith,Bryan@Smith.com,7044783703
Jeffrey,Rush,Jeffrey@Rush.com,5455544295
Paula,Gladwell,Paula@Gladwell.com,9654744797
Clayton,Howerton,Clayton@Howerton.com,7080450700
Sadie,Manuelito,,
George,,George@Scott.com,1666913078
Rachel,Degasperis,Rachel@Degasperis.com,8037397982
Marlin,,Marlin@Flynn.com,4339743593
Dennis,Gooch,Dennis@Gooch.com,9866898661
Harold,Gardner,Harold@Gardner.com,
Albert,Osorno,Albert@Osorno.com,3354068111
,,Darlene@Boyd.com,4716444380
Paulene,Taylor,Paulene@Taylor.com,
Barbara,Lee,Barbara@Lee.com,3306358000
John,Mares,John@Mares.com,8119865466
Theodore,,Theodore@Brown.com,5330281227
Thelma,,Thelma@Roberts.com,9982828201
Kelly,Moore,Kelly@Moore.com,8374912689
,Moreland,,1282787622
Victoria,Collelo,,1209687408
Deborah,Jackson,Deborah@Jackson.com,
Frank,Starr,Frank@Starr.com,3086648672
Alexander,Carrillo,Alexander@Carrillo.com,2230829563
Lloyd,,Lloyd@Flora.com,5646108798
Debra,Mildenberger,Debra@Mildenberger.com,6704990421
Lillie,Stein,Lillie@Stein.com,
James,Williams,James@Williams.com,9673192686
,Randolph,Fernando@Randolph.com,1103252658
Tammy,Bowling,Tammy@Bowling.com,3168580361
Michael,Angell,Michael@Angell.com,1867844003
Beverly,Strawder,Beverly@Strawder.com,7513890779
Joseph,Williams,Joseph@Williams.com,
Elizabeth,Lemon,Elizabeth@Lemon.com,1344700565
Karrie,Yong,Karrie@Yong.com,5702324395
Lynsey,Cote,Lynsey@Cote.com,1918233029
Katherine,Field,Katherine@Field.com,8951314896
Celia,Palma,,2119998091
Daniel,Dillard,Daniel@Dillard.com,6273756683
Jo,Newlin,Jo@Newlin.com,7387271725
Edith,Anderson,Edith@Anderson.com,8416332705
Ricky,Marshall,Ricky@Marshall.com,7398161765
Henry,Taylor,Henry@Taylor.com,3320761012
,Robinson,Elizabeth@Robinson.com,5618861610
Ronald,Mccall,Ronald@Mccall.com,9433073103
Andre,Peters,Andre@Peters.com,7682579892
Rachel,Aguirre,Rachel@Aguirre.com,7688936345
,Short,,1288973118
Warren,Gilroy,Warren@Gilroy.com,8659701377
Linda,Gaines,Linda@Gaines.com,4439701669
Anna,,Anna@Kielbasa.com,9808740158
Raphael,Allen,Raphael@Allen.com,5287802573
,Minton,Shaun@Minton.com,5781296875
Katherine,Harris,,1877020725
Logan,Strickland,Logan@Strickland.com,3727473797
Morris,Velasquez,Morris@Velasquez.com,2652386195
Morris,Velasquez,Morris@Velasquez.com,3288248357
Elmer,Gossett,,4394714882
Joyce,,Joyce@Hardy.com,3727443491
Barbara,Carhart,,
,Natividad,Helen@Natividad.com,4250868803
Ofelia,Kirkpatrick,Ofelia@Kirkpatrick.com,
Rebecca,Rodriquez,,3949607376
Dan,Williams,Dan@Williams.com,7594266213
Donald,,,8152909821
Angie,Demmons,Angie@Demmons.com,4031847653
David,Cox,David@Cox.com,
Dennis,,Dennis@Tompkins.com,5521947565
Margaret,Williams,Margaret@Williams.com,3194344729
Marjorie,Campbell,Marjorie@Campbell.com,9465531862
Cameron,Hernandez,Cameron@Hernandez.com,5507008033
Kimberly,Evenson,Kimberly@Evenson.com,
Sharon,,Sharon@Brock.com,
Michael,Granier,Michael@Granier.com,8543927344
Kathleen,Auzenne,Kathleen@Auzenne.com,8136224029
,Vanburen,Thomas@Vanburen.com,8156389813
Patricia,Maris,Patricia@Maris.com,6240163788
Dena,Kim,,
,Williams,Carrie@Williams.com,8005643436
Rosalind,Knox,Rosalind@Knox.com,1402389583
June,Brown,June@Brown.com,4578648670
Karon,Botti,Karon@Botti.com,6776600563
Nancy,Moncrief,Nancy@Moncrief.com,8152153503
Nancy,Moncrief,Nancy@Moncrief.com,8152153503
Andy,Bell,Andy@Bell.com,8654332483
Katherine,Oldfield,,5562180942
James,Lamphier,James@Lamphier.com,5369415281
Dorthy,Pierson,Dorthy@Pierson.com,4999797319
Joseph,Camacho,Joseph@Camacho.com,8860219166
Mike,Shelby,Mike@Shelby.com,8404865773
Mario,Paddio,Mario@Paddio.com,6879561691
Charlene,Rodriguez,,5722920925
