First Name,Last Name,Email,Phone Number
Erica,Stanley,,1850524704
Arthur,Scales,Arthur@Scales.com,7319663327
John,,John@Grissom.com,7893398395
,Franklin,Jack@Franklin.com,3523785363
Flora,Davis,Flora@Davis.com,6237090966
Joseph,Zakrzewski,Joseph@Zakrzewski.com,4558665837
Mary,Martinez,,8809900893
Timothy,Null,Timothy@Null.com,1214083752
Christopher,Ford,Christopher@Ford.com,
Betty,Crosson,Betty@Crosson.com,1817125689
Hope,Dow,Hope@Dow.com,1475171119
Cesar,Thomas,Cesar@Thomas.com,3606704840
Nicole,Hatten,Nicole@Hatten.com,7063741451
Kimberly,Millis,Kimberly@Millis.com,6326908707
Patricia,Atwood,Patricia@Atwood.com,7919160840
Reynaldo,Byrd,Reynaldo@Byrd.com,1013589536
Lewis,Alexander,Lewis@Alexander.com,5864058675
Morgan,Harned,Morgan@Harned.com,6989500804
Jill,Castro,Jill@Castro.com,4495635850
Blanca,Westerfield,Blanca@Westerfield.com,8526345274
Mario,Furstenberg,Mario@Furstenberg.com,5150825430
,Cotter,Leo@Cotter.com,1488168173
Elsie,Simmons,,9806317121
Beverly,Willcox,Beverly@Willcox.com,7185464089
Patricia,,Patricia@Beddo.com,2674894672
Marian,Peachey,Marian@Peachey.com,6977308569
Jorge,Mangone,Jorge@Mangone.com,9965679631
Gerardo,Vinion,Gerardo@Vinion.com,5241742418
Philip,Dome,Philip@Dome.com,3506306463
James,,James@Lemire.com,3760429291
Carlene,Heavilin,Carlene@Heavilin.com,1883448856
,Howes,Rogelio@Howes.com,8867777224
Frank,King,Frank@King.com,1924263445
,Toomey,Steve@Toomey.com,5866550988
Frank,Huff,Frank@Huff.com,7400105092
Diane,Wilson,,7875435000
,Burch,,1404025046
Mary,Roberts,Mary@Roberts.com,1879052311
Allen,Spears,Allen@Spears.com,7877929018
Ivana,Cramer,,3273593456
Linda,Anthony,Linda@Anthony.com,5192979909
Ellen,Wild,Ellen@Wild.com,1724167397
James,Nelson,James@Nelson.com,1174284410
Constance,Myers,Constance@Myers.com,5032383206
Christine,Dickinson,Christine@Dickinson.com,5292814293
Valerie,Borysewicz,Valerie@Borysewicz.com,
,Treadwell,Mandy@Treadwell.com,4385801281
Michele,Mcvay,Michele@Mcvay.com,6103752033
Marco,Miller,,9780010137
Calvin,,Calvin@Packer.com,1241906501
