First Name,Last Name,Email,Phone Number
,Stubbs,Nathan@Stubbs.com,6652271550
Sarah,Bell,Sarah@Bell.com,
Raymond,,Raymond@Gwin.com,6299827297
Jamie,Mcraney,Jamie@Mcraney.com,1043589815
Raymond,Portes,Raymond@Portes.com,1288569570
Mildred,Schenck,Mildred@Schenck.com,6514055022
Lloyd,Hood,Lloyd@Hood.com,1739176622
Armando,,Armando@Smith.com,4056176326
John,Smith,John@Smith.com,1305549301
Mary,,Mary@Knackstedt.com,
Charles,Hampton,Charles@Hampton.com,1544683565
Kenneth,Boyer,Kenneth@Boyer.com,
Erin,Navarro,Erin@Navarro.com,6486648638
Verna,Rhoads,Verna@Rhoads.com,3381879070
,Riley,Stephanie@Riley.com,5080747351
Dawn,,Dawn@Holbrook.com,5473991341
Deborah,Brandenberger,Deborah@Brandenberger.com,9302508238
,Adams,Charles@Adams.com,4504216072
,Mclean,Tracy@Mclean.com,8295144158
,,Adam@Schaffer.com,8930736648
Lindsey,Harrington,Lindsey@Harrington.com,8845321316
William,Guitterez,William@Guitterez.com,5532102670
Curtis,Runnels,,3889036769
Elizabeth,Hunter,Elizabeth@Hunter.com,3698446762
Lula,Conner,Lula@Conner.com,7798282493
Kimberly,Solar,Kimberly@Solar.com,6412819024
Alexander,,Alexander@Okamoto.com,5713151068
Raymond,,,6062051183
Margaret,Gamble,Margaret@Gamble.com,9183596332
Brenda,,Brenda@Hesser.com,1695774696
Jennifer,Drabek,Jennifer@Drabek.com,2343450001
Gene,Gonsalez,Gene@Gonsalez.com,6999790624
Bill,Nowlin,Bill@Nowlin.com,
Elizabeth,Schmidt,Elizabeth@Schmidt.com,2924739349
Monica,Hutt,Monica@Hutt.com,1555854479
Maria,Schlipp,Maria@Schlipp.com,7317129681
Joe,Kilman,Joe@Kilman.com,3582864857
Daniel,,Daniel@Tilley.com,3505293813
George,Payne,George@Payne.com,8279167380
Bruce,Volesky,,9035263233
Buffy,Jackson,Buffy@Jackson.com,1495757227
Marcie,,Marcie@Farrington.com,5711869177
Corazon,Blakley,Corazon@Blakley.com,5414019449
Tracey,Bryant,Tracey@Bryant.com,2749360970
Jimmy,Vincent,Jimmy@Vincent.com,7510733674
Karina,Lynch,Karina@Lynch.com,7266965130
Amy,Renfroe,Amy@Renfroe.com,
John,Lozada,John@Lozada.com,4024245479
Chris,Moore,Chris@Moore.com,7669912546
Evelyn,Jones,Evelyn@Jones.com,1357880360
Matthew,Chapman,Matthew@Chapman.com,8357167024
Rosie,Vaughn,Rosie@Vaughn.com,9726415484
Kenneth,German,Kenneth@German.com,4673099589
Lois,,Lois@Warren.com,
Anthony,,Anthony@Remis.com,4474388367
,Duguay,Robert@Duguay.com,6985157013
Carrie,Clark,,3933628831
Sabrina,Swearingen,Sabrina@Swearingen.com,
Justin,,Justin@Gruber.com,3866540674
Mary,Cardona,Mary@Cardona.com,8049697786
Kevin,White,,1550566893
Lee,Kelly,Lee@Kelly.com,1128877930
Dorothy,Lewis,Dorothy@Lewis.com,1674465114
Mildred,Williams,Mildred@Williams.com,3448509180
Juan,Velez,Juan@Velez.com,7370156565
Mildred,Snodgrass,Mildred@Snodgrass.com,8127064277
Inez,Brown,Inez@Brown.com,1891743033
Jessi,Clary,Jessi@Clary.com,6019620591
Sean,Tello,Sean@Tello.com,3281235419
Damon,Ware,Damon@Ware.com,2423691931
Michael,Lieberman,Michael@Lieberman.com,2136076577
Corinna,Moye,Corinna@Moye.com,2180660053
Beatriz,Ventura,,
Frederick,Roundtree,Frederick@Roundtree.com,9717938104
Sharon,Crader,Sharon@Crader.com,8409972991
Dennis,Hill,Dennis@Hill.com,6470714559
,Miller,Paul@Miller.com,
Ricardo,Scott,Ricardo@Scott.com,8180032844
William,Shofner,William@Shofner.com,9912717394
Judith,Feather,Judith@Feather.com,4910492180
Stephanie,Dellinger,Stephanie@Dellinger.com,7773872062
Ronald,Banks,Ronald@Banks.com,4976988491
Michelle,Kaufman,Michelle@Kaufman.com,
Elliot,Duncan,Elliot@Duncan.com,4350916321
Lynda,Planas,Lynda@Planas.com,3044194281
Miguel,Thompson,Miguel@Thompson.com,6569949860
Calvin,Amini,Calvin@Amini.com,4651634727
Earnestine,Delarosa,,8932254417
Derek,Willis,Derek@Willis.com,
Michael,Lowery,,1231713986
Betty,Himes,Betty@Himes.com,7416008314
Misty,Gugino,,5009438667
Michael,Moore,Michael@Moore.com,9486351957
Margaret,Coulter,Margaret@Coulter.com,9011162389
Daniel,,Daniel@Salazar.com,1632585218
Joseph,Ebersole,Joseph@Ebersole.com,8220809743
Lloyd,Lee,Lloyd@Lee.com,2987002380
Isabel,Price,Isabel@Price.com,3975719008
Tammy,Martinez,Tammy@Martinez.com,6916285561
James,Looper,James@Looper.com,6531230927
Roberto,Tewani,,3899338768
Karl,Mcbee,Karl@Mcbee.com,7928856039
Cori,,Cori@Lavigne.com,3081172390
Kenneth,Byrne,Kenneth@Byrne.com,5027028185
Annabel,Lumsden,Annabel@Lumsden.com,8605645733
Francisca,,,1836430323
Juan,Borden,,3412574498
Daniel,Mcdonald,Daniel@Mcdonald.com,8524784751
Courtney,Slade,Courtney@Slade.com,2991736467
,Sharp,Cory@Sharp.com,6633519115
Bertha,Lee,Bertha@Lee.com,2810633484
Jeffrey,Canales,Jeffrey@Canales.com,8825079109
James,Nugent,James@Nugent.com,4605731337
Hollie,Sipes,Hollie@Sipes.com,6026132258
Carolina,Pittman,Carolina@Pittman.com,3522219591
Laura,Warnock,Laura@Warnock.com,2824192245
Gladys,Mayes,,4983100486
Joseph,Peveto,Joseph@Peveto.com,6371549174
Barbara,Ashford,Barbara@Ashford.com,7072310631
Don,Andrews,,1759643208
Alice,Sloan,Alice@Sloan.com,2077964153
Jeffrey,Dicks,Jeffrey@Dicks.com,4663078667
Edmund,Burke,Edmund@Burke.com,5354696685
Roxanne,Camacho,Roxanne@Camacho.com,4903448372
Clifton,Newark,Clifton@Newark.com,1128281228
Ignacio,Mueller,,6556521338
Ryan,Roy,,5549198505
Phillip,Blair,Phillip@Blair.com,9270723965
Regina,Duran,Regina@Duran.com,6533146305
Brenda,Orr,Brenda@Orr.com,2835060184
Kathleen,Williams,Kathleen@Williams.com,2121427310
,Shelton,,4354136851
Megan,Cole,Megan@Cole.com,
Stephanie,Shorter,Stephanie@Shorter.com,
Jean,Brown,Jean@Brown.com,7452034690
,Johns,Mary@Johns.com,3631786623
Maira,Jehlicka,Maira@Jehlicka.com,
,Thomas,,
Micheal,Crider,Micheal@Crider.com,4377854702
Vicky,Turner,Vicky@Turner.com,3434005555
Shavonne,,Shavonne@Small.com,4580437840
Jamie,Lennox,Jamie@Lennox.com,7925648321
Anthony,,Anthony@Wright.com,3411066475
Kathleen,Brooks,Kathleen@Brooks.com,7376836186
Jerlene,Sandmeier,Jerlene@Sandmeier.com,4210526230
Josephine,Moore,Josephine@Moore.com,9458452751
Patrick,Henry,Patrick@Henry.com,1649674220
Frederick,Jarvi,Frederick@Jarvi.com,8599442971
Laura,,Laura@Vega.com,5324027618
Andrea,Arnold,Andrea@Arnold.com,
Mary,Johnson,Mary@Johnson.com,9563684590
David,Jackson,,1684014429
Gerald,Cosgrove,Gerald@Cosgrove.com,1150373427
Frankie,Mastoris,Frankie@Mastoris.com,4536103217
Betty,Hirata,Betty@Hirata.com,4238542586
Gail,Stanley,Gail@Stanley.com,
Shelia,Fletcher,Shelia@Fletcher.com,6840400444
Michele,Chapman,Michele@Chapman.com,9535588170
David,Fain,,3267124443
Peter,Little,Peter@Little.com,4754810854
John,Mahone,John@Mahone.com,8550667037
Elizabeth,Bolick,Elizabeth@Bolick.com,
,Beck,Phyllis@Beck.com,5502327196
William,,,
Lance,Mcmillen,Lance@Mcmillen.com,
Mark,Stuckey,Mark@Stuckey.com,6738161650
Roger,Amezaga,Roger@Amezaga.com,1862499764
Carey,Guernsey,Carey@Guernsey.com,3747262766
Eric,Reep,Eric@Reep.com,8170208869
Judy,,Judy@Cunningham.com,3588427236
Jermaine,Hardy,Jermaine@Hardy.com,9737015558
Stephanie,Deveau,Stephanie@Deveau.com,9728368728
Carol,Hodges,Carol@Hodges.com,
Blake,Young,Blake@Young.com,4059224976
William,Allah,William@Allah.com,3918060173
David,Fallin,David@Fallin.com,1634925034
Kenneth,Worthy,Kenneth@Worthy.com,5774782342
Eric,,Eric@Ramirez.com,9166011755
Lisa,Harlow,Lisa@Harlow.com,3779188100
Erik,Fecteau,Erik@Fecteau.com,8995196738
Donna,Smith,Donna@Smith.com,3353232526
Leon,,Leon@Moran.com,2875324472
George,Burkholder,George@Burkholder.com,3709337730
Jose,Barger,Jose@Barger.com,1773209350
,Avila,Ashley@Avila.com,3408764849
Jack,Clary,Jack@Clary.com,1581327813
Charles,,Charles@Cruz.com,7322872095
Constance,Young,Constance@Young.com,9342410540
Denise,Matson,Denise@Matson.com,
,Dobson,Jeremy@Dobson.com,1109333354
Rene,Cross,Rene@Cross.com,1568853167
Rita,Arnold,Rita@Arnold.com,4440103956
Kelly,Bledsoe,Kelly@Bledsoe.com,3083002301
Donna,Nett,Donna@Nett.com,7755769756
Tracy,Nelson,Tracy@Nelson.com,4377501237
Pearl,Rice,Pearl@Rice.com,1505824846
Gwen,Kleiman,Gwen@Kleiman.com,9774315424
Allene,Tatum,Allene@Tatum.com,5741002081
,Sandy,Carolyn@Sandy.com,2379685161
Frank,Omoyosi,Frank@Omoyosi.com,6488853603
Frank,Flores,Frank@Flores.com,
Tiffany,Smith,Tiffany@Smith.com,3019858820
Christopher,Wente,Christopher@Wente.com,6214256766
Richard,,Richard@Leech.com,6261378745
James,Williams,James@Williams.com,4287654392
Jeri,Nichols,Jeri@Nichols.com,3170576165
Ruth,Vachon,Ruth@Vachon.com,3068133072
Blanche,Gilmore,Blanche@Gilmore.com,7682671787
Larry,Leandry,Larry@Leandry.com,7831979593
Debra,Milot,Debra@Milot.com,1624479164
Samuel,Deaton,Samuel@Deaton.com,9223741244
Jordan,Averitt,Jordan@Averitt.com,3050448221
Janet,Martinez,Janet@Martinez.com,
,,,6134807284
Barbara,Markel,Barbara@Markel.com,2691922547
Nicholas,King,Nicholas@King.com,8538243770
Thomas,Taylor,Thomas@Taylor.com,7459725432
Clifton,Doyle,Clifton@Doyle.com,2107556730
Peggy,Mosher,Peggy@Mosher.com,2742554923
Patsy,Torres,Patsy@Torres.com,9083174629
Eric,,Eric@Couch.com,9982548607
Barbara,Clark,Barbara@Clark.com,4548931758
Edward,Hernandez,Edward@Hernandez.com,4638780547
Ron,Souder,Ron@Souder.com,
Anthony,Jenkins,,9604634267
Susan,Griffith,Susan@Griffith.com,
Randall,Abram,Randall@Abram.com,4199708481
John,Cruz,John@Cruz.com,1145224321
Brent,Medlin,Brent@Medlin.com,1102776116
,Barron,Harvey@Barron.com,7304722796
Laura,Elliott,Laura@Elliott.com,5774481488
Juana,Delatorre,Juana@Delatorre.com,
Earl,,Earl@Serrell.com,9513450500
John,Carmant,John@Carmant.com,1947940308
John,Lala,John@Lala.com,
Ruben,Lee,Ruben@Lee.com,9515028148
Charles,Davis,Charles@Davis.com,3184728628
Terri,,Terri@Holloway.com,4558445463
Janice,Jenkins,Janice@Jenkins.com,3505067782
,Castillo,,4486854897
Jeff,Franklin,,1673080742
Justin,Reese,,9108901717
Ellen,Jones,Ellen@Jones.com,9130104130
Tina,Rose,Tina@Rose.com,
Calvin,Bloomquist,Calvin@Bloomquist.com,3745490788
Paul,Robson,Paul@Robson.com,1332777267
Robert,Ferguson,,4368354642
Charles,Campbell,Charles@Campbell.com,5144964045
Isiah,Clegg,Isiah@Clegg.com,8171100259
Robin,Paulus,Robin@Paulus.com,9728989348
Pauline,Parker,Pauline@Parker.com,8493850635
Robert,Baker,Robert@Baker.com,1168460187
Robin,Wright,Robin@Wright.com,3976383977
Tammy,Weber,Tammy@Weber.com,1488171120
John,Jones,John@Jones.com,5233668238
Sharleen,Cheng,Sharleen@Cheng.com,8070141661
Brett,Truesdale,Brett@Truesdale.com,1220148424
Lois,Campbell,Lois@Campbell.com,5516671647
Joanne,Devins,Joanne@Devins.com,5692997659
,Byrd,Philip@Byrd.com,1634835149
,Zenker,Keith@Zenker.com,8776398592
Joseph,Hummingbird,,1917430243
Willie,Fornes,Willie@Fornes.com,9344727699
Bonnie,Weisman,Bonnie@Weisman.com,3544937969
Gayle,Tran,Gayle@Tran.com,2775075351
Sandy,Larez,,4565713995
Nora,Harris,Nora@Harris.com,4937404339
Beatrice,Lamblin,Beatrice@Lamblin.com,9756244555
Henry,Gear,Henry@Gear.com,2887681010
Christopher,Boswell,Christopher@Boswell.com,8552491010
Jimmy,Troutt,Jimmy@Troutt.com,
Phyllis,Rivera,Phyllis@Rivera.com,
Richard,Smith,Richard@Smith.com,
Linda,Graves,Linda@Graves.com,8132243795
Sherley,Kennedy,Sherley@Kennedy.com,6987308277
Kathryn,Conway,Kathryn@Conway.com,3699021415
Amos,Mcnutt,Amos@Mcnutt.com,4798932013
David,,,4301177282
Hollie,Browder,Hollie@Browder.com,8078591581
William,Burger,William@Burger.com,4594950000
,Pidro,Nancy@Pidro.com,1838899183
Frances,Mcilwraith,Frances@Mcilwraith.com,
Timothy,Norris,Timothy@Norris.com,8162526854
Elsie,Havens,,4041268713
Larry,,Larry@Alba.com,1378527180
Kristen,Laduke,Kristen@Laduke.com,7671584419
Augustine,Maurice,Augustine@Maurice.com,3707594237
Emily,Landis,Emily@Landis.com,
Jane,Yocum,Jane@Yocum.com,7403736353
Lia,,Lia@Stewart.com,3697147320
Veronica,Orta,Veronica@Orta.com,2839924061
Alonzo,Ruiz,Alonzo@Ruiz.com,9673993890
Christina,Floyd,Christina@Floyd.com,8349036754
Merlin,Hyde,Merlin@Hyde.com,9626554676
Beth,Shoji,Beth@Shoji.com,2836222446
Diane,Carswell,Diane@Carswell.com,3608577253
James,Thompson,James@Thompson.com,4714904658
Pierre,Arrott,Pierre@Arrott.com,8922419899
Isidro,Trongone,Isidro@Trongone.com,4474352136
James,Berry,James@Berry.com,5762028200
