First Name,Last Name,Email,Phone Number
Dan,Gould,,7594819724
Carlos,Gilbert,Carlos@Gilbert.com,9452146432
William,Stiles,,3491820254
Lawrence,Haviland,Lawrence@Haviland.com,6448818136
Jean,Hale,Jean@Hale.com,9040593687
Richard,Lambert,Richard@Lambert.com,1972246218
Milo,Halm,Milo@Halm.com,3775261477
Kenneth,Ross,Kenneth@Ross.com,6649009826
Jeffrey,Wilson,Jeffrey@Wilson.com,3438707539
Keith,Daw,Keith@Daw.com,2420536222
,Eldredge,,3725112325
Ollie,,Ollie@Hardin.com,6900086885
Juan,Adu,Juan@Adu.com,
Ronald,Laughlin,,3860492278
,Brooks,Priscilla@Brooks.com,6663656563
Jason,Griffin,Jason@Griffin.com,8744284358
Wilbur,Marlow,Wilbur@Marlow.com,4847061025
Elsie,Register,Elsie@Register.com,7069461192
Juanita,,Juanita@Halverson.com,1498576751
Mary,Swartz,Mary@Swartz.com,6229665904
Cory,Dunn,Cory@Dunn.com,7451948255
Carol,Fournier,Carol@Fournier.com,5100216624
Patricia,Richards,Patricia@Richards.com,8007769429
,,Charles@Riendeau.com,2592029025
William,Lamm,William@Lamm.com,5977543783
Cathryn,Shelton,Cathryn@Shelton.com,
Ronald,Freeman,Ronald@Freeman.com,4820527424
Abbie,Borkholder,Abbie@Borkholder.com,7741983221
Hung,,Hung@Seever.com,3307822541
,Drahota,Mary@Drahota.com,
Wanda,Adams,Wanda@Adams.com,6336841267
Howard,Johnson,Howard@Johnson.com,3509829537
Richard,Jackson,Richard@Jackson.com,8248087597
Juan,Osgood,Juan@Osgood.com,4096285872
Jennifer,,Jennifer@Russell.com,6411162718
Jessica,Pedroza,Jessica@Pedroza.com,9155978733
Christopher,Parrish,Christopher@Parrish.com,9532051324
Joanne,Dupree,Joanne@Dupree.com,8638106569
Rhonda,Garcia,Rhonda@Garcia.com,4238324852
Ernestine,Gutierrez,Ernestine@Gutierrez.com,1183378943
Alfred,Ramer,Alfred@Ramer.com,1026400999
Jason,Henry,Jason@Henry.com,4172028248
Melanie,Jordan,,8879730049
Sally,White,Sally@White.com,4244147871
Nancy,Berk,Nancy@Berk.com,5349814433
Carlos,Cantu,Carlos@Cantu.com,2374567295
Leonard,,Leonard@Engle.com,8347920456
Joseph,Eadie,Joseph@Eadie.com,3747038758
Stephanie,Tignor,Stephanie@Tignor.com,
John,Reynolds,John@Reynolds.com,8919344214
Alma,Watkins,Alma@Watkins.com,5624497932
Gerald,Jones,Gerald@Jones.com,9050663910
Angeline,Cole,Angeline@Cole.com,9912097505
,Sanchez,Phyllis@Sanchez.com,3674201798
Diana,Miller,Diana@Miller.com,
Lonna,Bogner,Lonna@Bogner.com,5763748350
Jack,Herrera,Jack@Herrera.com,7186484313
Jesse,Schryer,Jesse@Schryer.com,8270241165
Brian,Weikel,Brian@Weikel.com,3247804560
,Bolek,Lawrence@Bolek.com,9968697760
Gregory,Brown,Gregory@Brown.com,9021915038
Lawrence,Smith,Lawrence@Smith.com,6725599571
David,,,8915115423
Pierre,Osterstuck,Pierre@Osterstuck.com,2539193662
,Menchaca,Calvin@Menchaca.com,6377338551
David,Smith,David@Smith.com,3096658405
Patrick,Salmon,Patrick@Salmon.com,1740445476
Juana,Garcia,,9710798654
Scott,Perry,Scott@Perry.com,3773453122
Willie,Bittner,Willie@Bittner.com,1280040015
,Alvarado,Dorcas@Alvarado.com,5333228955
Jermaine,Pahl,Jermaine@Pahl.com,4491568657
Amanda,Rivera,Amanda@Rivera.com,8614319789
,Davis,Paul@Davis.com,7332099877
Sarah,Hanson,Sarah@Hanson.com,
Alvin,Rodriquez,Alvin@Rodriquez.com,8158119960
Jacqueline,Ibarra,Jacqueline@Ibarra.com,1806972288
Mary,Hubbard,Mary@Hubbard.com,8780865039
Marie,Kirby,Marie@Kirby.com,5218325250
Shirley,Abreu,Shirley@Abreu.com,2341958863
Jenny,,Jenny@Jones.com,2966834487
Wanda,Foster,Wanda@Foster.com,6602749582
,Hadlock,Donnie@Hadlock.com,7913141685
Betty,Cash,Betty@Cash.com,7248523910
Dennis,Hickey,Dennis@Hickey.com,2510393902
Ila,Trevino,Ila@Trevino.com,1901114972
Keith,Nichols,Keith@Nichols.com,9873612168
Carmen,,Carmen@Ball.com,1524648129
Carmen,Unch,Carmen@Unch.com,8033402975
Donald,Bowman,Donald@Bowman.com,
Minnie,,Minnie@Arnold.com,1107904153
Michael,Hayes,Michael@Hayes.com,3277935053
Larry,Simmons,Larry@Simmons.com,1964775923
Susanna,Pasch,Susanna@Pasch.com,3211954581
Irene,Valdez,Irene@Valdez.com,9375472223
Gregory,White,Gregory@White.com,8187706018
John,,John@Sanders.com,8695271645
Darrell,Brown,Darrell@Brown.com,1736827971
Mabel,Nelson,,7008208402
Tyler,Leslie,,1189014392
Leslie,Feliciano,Leslie@Feliciano.com,7751064698
John,Wagner,John@Wagner.com,5552644359
Janice,Litherland,Janice@Litherland.com,4189733801
Roy,Mcgraw,Roy@Mcgraw.com,3415653117
Garry,Venegas,Garry@Venegas.com,5629450798
Raul,Barker,Raul@Barker.com,5697126712
Vickie,Arthur,Vickie@Arthur.com,4640292488
Gustavo,Fields,Gustavo@Fields.com,8504093285
Jennifer,Schweinsberg,Jennifer@Schweinsberg.com,4330528673
Gary,Rawls,Gary@Rawls.com,5741517135
Martha,Andre,Martha@Andre.com,3581473497
Terry,Valenzuela,Terry@Valenzuela.com,4805351389
Paul,Fornes,Paul@Fornes.com,3664389708
Catherine,Mccoy,Catherine@Mccoy.com,2160596483
Paul,Landry,Paul@Landry.com,9480687359
Billie,Knutson,Billie@Knutson.com,6992738338
Duane,Byron,Duane@Byron.com,5058378163
,Campbell,Rose@Campbell.com,2091017179
Lance,Covington,Lance@Covington.com,2722212733
Catherine,,Catherine@Pauley.com,8859105722
,Delancey,Maurice@Delancey.com,1006601706
John,Diaz,John@Diaz.com,9783928348
Matthew,,Matthew@Seales.com,3850061125
Bobbie,Rios,Bobbie@Rios.com,1814371553
Cora,Self,Cora@Self.com,7646769988
Manuel,Foster,Manuel@Foster.com,5689631111
William,Mora,William@Mora.com,3164555285
Christopher,Waiters,Christopher@Waiters.com,1967422873
Margaret,Lane,Margaret@Lane.com,6120869782
Gary,Grover,Gary@Grover.com,9478325504
Michele,Lake,,2037289863
Ann,Adams,Ann@Adams.com,9818521234
Iris,Rovero,Iris@Rovero.com,2116146769
Avis,Burton,Avis@Burton.com,5517338824
Rita,Jones,Rita@Jones.com,5809972869
Marta,Fuller,Marta@Fuller.com,2834791370
Jose,Saunders,Jose@Saunders.com,
Sandra,Campbell,Sandra@Campbell.com,6308736743
Stella,Shreve,Stella@Shreve.com,
Jospeh,Hannah,Jospeh@Hannah.com,4715642882
Harry,Stricklin,Harry@Stricklin.com,5805993516
Grant,Anderson,,3322531851
Joseph,Krogman,Joseph@Krogman.com,
,Hogan,Marilyn@Hogan.com,9026623884
Frank,Anderson,Frank@Anderson.com,4644484288
John,Jackman,John@Jackman.com,8415255079
George,Hamler,George@Hamler.com,4050639295
Shirley,Neumayer,Shirley@Neumayer.com,3873153072
Jenna,Winslow,Jenna@Winslow.com,4230576736
Clyde,White,Clyde@White.com,3968642756
James,Jackson,James@Jackson.com,7922065483
Joseph,Hobbs,Joseph@Hobbs.com,5292226687
Luis,Hackney,Luis@Hackney.com,2341064089
Anthony,Hoffman,Anthony@Hoffman.com,2043049766
Perry,Perez,Perry@Perez.com,1863018263
Chad,Scott,Chad@Scott.com,8280598632
Mary,Warren,Mary@Warren.com,4343406852
Mike,Boyd,Mike@Boyd.com,5315702890
James,,James@Clapp.com,4429984568
Bernardina,Mathews,Bernardina@Mathews.com,
Kevin,Dusseault,Kevin@Dusseault.com,3153802621
Franklin,Hoffman,,1607027900
Daniel,Ladner,,6520973934
,Whaley,Holly@Whaley.com,4909474707
Rosie,Johnston,Rosie@Johnston.com,3440233760
,Anderson,Brittany@Anderson.com,7094749802
Nellie,,Nellie@Benoit.com,6722724073
,Workman,Mabel@Workman.com,3689245802
,,Elbert@Malbon.com,3045259859
Glenn,Slade,Glenn@Slade.com,1850393802
Thomas,Downing,Thomas@Downing.com,1257303095
Vernon,Johnson,Vernon@Johnson.com,6321215366
Cheryl,Wininger,Cheryl@Wininger.com,5360672715
Howard,Guidi,Howard@Guidi.com,1119370126
Tom,Page,Tom@Page.com,9921319787
Helen,Lyons,Helen@Lyons.com,2316900260
Tommy,Theisen,Tommy@Theisen.com,1308737126
Clarence,,Clarence@Cook.com,8247190655
Kenneth,Jacobson,Kenneth@Jacobson.com,5616915442
Manuel,Wright,Manuel@Wright.com,4544815492
Dolores,Sticht,Dolores@Sticht.com,5592872751
Isabell,Shasteen,Isabell@Shasteen.com,2434830329
Ruth,Tomlin,Ruth@Tomlin.com,
Kenneth,Jaworski,Kenneth@Jaworski.com,6909132371
Walter,Vizcarra,Walter@Vizcarra.com,
Barbara,Krupka,Barbara@Krupka.com,2137131346
,Clearwater,Lori@Clearwater.com,7140670868
Brooke,Mccullar,Brooke@Mccullar.com,5225822350
,Charity,Lori@Charity.com,1860964004
Julio,Dixon,Julio@Dixon.com,
Pedro,Deblauw,Pedro@Deblauw.com,3039856044
,Garza,Bradley@Garza.com,2800184997
Irene,Pugh,Irene@Pugh.com,3169960817
Theresa,Melgarejo,,2595855656
David,,David@Applegate.com,4112171678
James,Dykes,James@Dykes.com,
,Smith,Marcia@Smith.com,4919484686
,Vaughn,Teresa@Vaughn.com,1920998895
Doris,Audirsch,Doris@Audirsch.com,4574141486
Dennis,Kolb,Dennis@Kolb.com,6713755621
Richard,Garcia,,9181870887
Derek,Laux,Derek@Laux.com,5437709366
Sara,,Sara@Wiggins.com,9305320635
Joan,,Joan@Arroyo.com,1438882987
Francisco,Lavalette,Francisco@Lavalette.com,1604230064
James,Shortridge,James@Shortridge.com,9404275874
Frances,Dorsey,Frances@Dorsey.com,3158327316
Sherry,Carter,Sherry@Carter.com,3853854674
James,Dennehy,James@Dennehy.com,1545472300
Carla,Wolfe,Carla@Wolfe.com,
Jacqueline,,Jacqueline@Cyrus.com,6774988238
Elizabeth,Regan,Elizabeth@Regan.com,7010349127
Vicki,,Vicki@Baca.com,4212547193
,Grasso,Michael@Grasso.com,
Charles,Cook,Charles@Cook.com,6805243294
Sadie,Musselwhite,Sadie@Musselwhite.com,1041401076
Emily,Perkins,Emily@Perkins.com,6386856845
,Strohmeyer,Amy@Strohmeyer.com,9747458582
Dennis,,Dennis@Ploof.com,
William,Collier,William@Collier.com,1395730881
Nancy,Baker,Nancy@Baker.com,1482037693
Virginia,Chavez,Virginia@Chavez.com,
Nancy,Mileski,Nancy@Mileski.com,9910940493
Jennifer,Lopez,Jennifer@Lopez.com,8424905061
Robert,Carter,Robert@Carter.com,3475308086
Mike,,Mike@Delacruz.com,7306692455
Judith,Leighton,Judith@Leighton.com,5979858687
,Girdler,James@Girdler.com,2452935284
Hubert,Foucault,Hubert@Foucault.com,
Isabel,Neilsen,Isabel@Neilsen.com,1415200883
,Robertson,,8533210842
Deborah,Dominguez,Deborah@Dominguez.com,4446776359
David,Nobles,David@Nobles.com,7516613293
Doretha,Roth,,7484083216
Cordelia,Villarreal,Cordelia@Villarreal.com,1301787948
Rebecca,Lifford,Rebecca@Lifford.com,5865778653
Leanna,,,3702293210
Richard,Cardinal,Richard@Cardinal.com,5746357799
Robert,Blankenship,Robert@Blankenship.com,
Carl,,Carl@East.com,1290394906
Ryan,Barr,Ryan@Barr.com,5013049074
Brenda,Pita,Brenda@Pita.com,3855425531
,Myklebust,,2200953731
Nicholas,Mensalvas,Nicholas@Mensalvas.com,4395650406
Malcolm,Vanhorn,Malcolm@Vanhorn.com,6721189382
David,Fernandez,,8052509766
Amie,Engelking,Amie@Engelking.com,2096909368
Michael,Rowe,Michael@Rowe.com,3996825670
Tamera,Brown,Tamera@Brown.com,7298860341
Agnes,Sutton,Agnes@Sutton.com,5787756736
Ginette,Hunt,Ginette@Hunt.com,3022123733
Miguel,Proulx,Miguel@Proulx.com,1900945268
Kathy,Smith,Kathy@Smith.com,3958660206
Paul,Burnett,Paul@Burnett.com,6970288586
,Perez,Annie@Perez.com,8553443424
Mary,Bailey,Mary@Bailey.com,9439130697
Henry,James,,1717361434
Thomas,Wilson,Thomas@Wilson.com,9756457896
,Riveron,Carla@Riveron.com,
Diane,Pittman,Diane@Pittman.com,5341763003
Joe,Post,Joe@Post.com,7946575803
Amelia,Hourigan,Amelia@Hourigan.com,1343570733
Gabriel,Caron,Gabriel@Caron.com,4445820185
Robert,Reina,Robert@Reina.com,6762171515
Rodney,Martinez,Rodney@Martinez.com,1847381086
John,Martinez,John@Martinez.com,8680758619
,Guglielmi,Glen@Guglielmi.com,
Dorothy,Hall,Dorothy@Hall.com,9745898335
Kathleen,Dietrich,Kathleen@Dietrich.com,8881665091
,Denson,Tammy@Denson.com,5424756642
Andrew,Sanders,Andrew@Sanders.com,
John,Cook,John@Cook.com,2620558011
Jean,Hayes,,3872331591
John,Howington,John@Howington.com,8278664135
Judith,Dick,Judith@Dick.com,7572931754
,Daymude,Jon@Daymude.com,3208307987
Jennifer,Crouch,,8479797033
Barbara,Strobeck,,3975860168
Bert,,Bert@Williams.com,2237244449
,Clements,Edgar@Clements.com,5818898526
Calvin,Carr,Calvin@Carr.com,6497883747
Sharon,Case,Sharon@Case.com,1792838190
Robert,,Robert@Glover.com,5618042711
,Hernandez,John@Hernandez.com,5387778045
Ana,Brummell,Ana@Brummell.com,2108285177
Joshua,Swan,Joshua@Swan.com,9971008596
Sarah,Du,Sarah@Du.com,5728474383
Hung,Meehan,Hung@Meehan.com,7681920495
Roy,Despain,Roy@Despain.com,9300810447
Charles,Muraski,Charles@Muraski.com,2237813517
Jennifer,Sparling,Jennifer@Sparling.com,7485826881
,Campbell,Alexandria@Campbell.com,2329194667
Amy,,Amy@Robinson.com,3224239504
Jeffrey,Mcknight,Jeffrey@Mcknight.com,9440640756
Andrea,Kowalcyk,Andrea@Kowalcyk.com,5740897218
Jamie,Martin,,2217843815
William,Gibson,William@Gibson.com,6629888066
Jeremy,Evans,Jeremy@Evans.com,3237829051
Christina,Moss,,2891037964
Chelsea,,Chelsea@Davis.com,8475988916
Arthur,Law,Arthur@Law.com,1719104696
Alice,William,Alice@William.com,
Paul,,Paul@Carter.com,4991700225
Denise,,Denise@Mccray.com,4613556377
Charles,Vaughan,Charles@Vaughan.com,
Holly,Holt,Holly@Holt.com,3871633397
Clarissa,Scott,Clarissa@Scott.com,8360565279
Michael,Smith,Michael@Smith.com,5863331738
Paul,,Paul@Blais.com,2214746552
Jenifer,Coulter,Jenifer@Coulter.com,8280244412
Ray,Moldenhauer,Ray@Moldenhauer.com,7842996550
,Hickey,Jesse@Hickey.com,6707549351
Kevin,Brown,Kevin@Brown.com,6229735044
Kenneth,Mccormick,Kenneth@Mccormick.com,5234546983
Martin,Dinwiddie,Martin@Dinwiddie.com,6885091981
Judy,Ephriam,,3440392197
Nita,Ono,Nita@Ono.com,4760354901
Gino,Mason,Gino@Mason.com,4386062219
Adam,Hudson,,5233490377
Karen,Bell,Karen@Bell.com,4760156837
Johnny,Pipes,,8012393622
Karen,Hinojosa,Karen@Hinojosa.com,5002009291
,Mcfarland,Beatrice@Mcfarland.com,4344285947
Carlos,Dempsy,Carlos@Dempsy.com,
,Killian,Jacqueline@Killian.com,9452005288
Justin,Myles,Justin@Myles.com,9270952569
Jeanette,Todd,Jeanette@Todd.com,2056688916
Marie,Rodriguez,,2172071637
Michael,Gehring,Michael@Gehring.com,5213071438
Althea,,Althea@Ward.com,4659838862
Georgia,Tasker,Georgia@Tasker.com,1879906570
Ann,Eliason,Ann@Eliason.com,8908053300
Erica,Patterson,Erica@Patterson.com,1423703854
Peter,Roper,Peter@Roper.com,6022256442
Becky,West,Becky@West.com,3923658808
Leopoldo,Daniels,Leopoldo@Daniels.com,3818645488
Joseph,Crutchfield,Joseph@Crutchfield.com,7969197952
Patricia,Adelson,Patricia@Adelson.com,5394602319
James,,James@Telep.com,7665201813
,Ross,Carmen@Ross.com,6987853059
Marian,Voll,Marian@Voll.com,8345241617
Charles,Gelinas,,8232556351
William,Halbert,William@Halbert.com,3063513577
Pearl,Wakefield,Pearl@Wakefield.com,6484539982
,Woll,Allen@Woll.com,9772077586
Brett,Kurian,Brett@Kurian.com,6840068084
Alvin,Ocampo,Alvin@Ocampo.com,8533082745
Latoya,Rothschild,Latoya@Rothschild.com,
Viola,Sotelo,Viola@Sotelo.com,5567715073
Otis,Proffitt,Otis@Proffitt.com,5405693273
Juan,Mclean,Juan@Mclean.com,5805062961
Cruz,Lucas,Cruz@Lucas.com,5003675775
Darin,,Darin@Ballard.com,8818342391
Russell,Knobloch,Russell@Knobloch.com,6016671997
Robert,Griffith,Robert@Griffith.com,8791132037
Dianna,Daub,,6839995748
Anna,Estes,Anna@Estes.com,4388932927
Teri,Tello,Teri@Tello.com,5872390204
,Heyman,James@Heyman.com,3480848757
Delisa,Kusel,Delisa@Kusel.com,2470939599
,Miller,Beth@Miller.com,7386913355
John,Fata,John@Fata.com,7450052557
John,Arredondo,John@Arredondo.com,7278540009
Brian,Ramos,Brian@Ramos.com,8700478304
Charles,Rountree,Charles@Rountree.com,4730534530
Randolph,Stark,Randolph@Stark.com,3773735054
Robert,Riley,Robert@Riley.com,
Manuel,Adams,Manuel@Adams.com,7347107003
Stephen,Neal,Stephen@Neal.com,6721822383
Jennifer,Williams,Jennifer@Williams.com,3763492456
Steven,Bennett,Steven@Bennett.com,2697893690
Tanya,Aragon,Tanya@Aragon.com,7521174761
,Dunkerson,Grace@Dunkerson.com,3945561544
Danielle,Griffey,Danielle@Griffey.com,8759618120
Jason,Grayson,Jason@Grayson.com,9002742863
Joseph,Young,Joseph@Young.com,8004631296
Corrine,Townsend,Corrine@Townsend.com,
Michael,Sauer,Michael@Sauer.com,9200042404
Thomas,Jewels,Thomas@Jewels.com,1795495545
Blanca,Biron,Blanca@Biron.com,
Robert,Cronin,Robert@Cronin.com,9115060619
Miguel,,Miguel@Johnson.com,8936117684
Sandra,Fisher,Sandra@Fisher.com,7003450829
Deloris,Wong,Deloris@Wong.com,7390776436
Robert,Green,Robert@Green.com,6943164914
Daniel,Ceovantes,Daniel@Ceovantes.com,1262326688
Howard,,Howard@Birkeland.com,8136178573
Noel,Young,Noel@Young.com,5044117780
Joshua,Harper,Joshua@Harper.com,8354394621
Richard,Sharp,Richard@Sharp.com,5721119403
,Alexander,Thomas@Alexander.com,4154621626
,Brito,,2503056038
Russell,Gonzales,Russell@Gonzales.com,3524325460
Robert,,Robert@Norman.com,4851733079
Lamar,Brown,,6464098126
Linda,Ridley,Linda@Ridley.com,6639242152
Charles,Myer,Charles@Myer.com,3557541880
Paul,Colson,Paul@Colson.com,9844635160
Carol,Hanes,Carol@Hanes.com,2724636560
Elizabeth,,Elizabeth@Odaniel.com,2395162543
Wanda,Cipriani,Wanda@Cipriani.com,4155124787
Wally,Moore,Wally@Moore.com,3178624899
Sandra,,Sandra@Gregory.com,8476383548
Russell,Doemelt,Russell@Doemelt.com,7334521077
Jonathan,Case,Jonathan@Case.com,1036157494
Christine,Ohara,Christine@Ohara.com,
Doreen,People,Doreen@People.com,4082756727
Ruth,Ohmen,Ruth@Ohmen.com,1407351947
Betty,Villaman,,7427826069
Alphonso,Keeney,Alphonso@Keeney.com,7833520745
David,Mcgill,David@Mcgill.com,8856444886
Vanessa,Livingston,Vanessa@Livingston.com,4556323984
,Ayers,Henry@Ayers.com,9089105288
Maria,Hardin,Maria@Hardin.com,6240759022
Tommy,Matteson,Tommy@Matteson.com,4421506236
Jared,Alston,Jared@Alston.com,3969620278
Mary,Johnson,Mary@Johnson.com,5909729414
Linda,Harris,Linda@Harris.com,9397781470
Harold,Collins,Harold@Collins.com,6942210674
Geraldine,Nies,Geraldine@Nies.com,2262114388
Belinda,Radtke,,4467270665
Marguerite,Carroll,Marguerite@Carroll.com,9906204160
Edward,Mcpherson,Edward@Mcpherson.com,3962749954
Ronald,Stepler,Ronald@Stepler.com,2090340150
,Fisher,Paula@Fisher.com,2324948568
Rosamond,Morales,Rosamond@Morales.com,9734088925
,Fischer,Geneva@Fischer.com,8911297172
Kermit,Posey,Kermit@Posey.com,
Cathy,,,1759910321
,Castillo,James@Castillo.com,9584362619
,Thornley,Sarah@Thornley.com,7441542869
Alexis,Jochim,Alexis@Jochim.com,2181463968
Orlando,Trimble,Orlando@Trimble.com,4085737726
Julie,Epperson,Julie@Epperson.com,8986943182
Melvina,Wilson,Melvina@Wilson.com,2622119582
,,Brenda@Lipscomb.com,7467986550
Dana,Myers,Dana@Myers.com,6905732484
Wayne,,Wayne@Brennan.com,2114415173
Jay,Gabe,Jay@Gabe.com,
Anderson,Reed,Anderson@Reed.com,8991595865
David,Adams,,4846900741
Matthew,Mutchler,Matthew@Mutchler.com,6908825683
Eric,Marsh,Eric@Marsh.com,9606593670
Leslie,Acuff,Leslie@Acuff.com,4461265710
Robert,Pettit,Robert@Pettit.com,7348504231
John,Thompson,,7857140052
,Corley,Dwight@Corley.com,9995046272
Constance,Conners,Constance@Conners.com,7102895551
Pamela,Morrison,Pamela@Morrison.com,1998325253
Julie,Neal,Julie@Neal.com,2384376240
Joseph,Wheeler,Joseph@Wheeler.com,3423321678
Laura,Miles,Laura@Miles.com,2031892907
William,,William@Powell.com,4325468910
Janet,White,Janet@White.com,7519189043
Timothy,Villalobos,Timothy@Villalobos.com,7769674241
Harold,,Harold@Abud.com,5002865558
Fern,Wilson,Fern@Wilson.com,2771597832
Ismael,Jones,Ismael@Jones.com,6247184542
Jay,Johnson,Jay@Johnson.com,3211176685
Harriet,Dyer,Harriet@Dyer.com,1278864117
Billy,Foxworth,Billy@Foxworth.com,2836433409
Roberta,Taylor,Roberta@Taylor.com,6478030171
Neil,Borrego,Neil@Borrego.com,8438554929
Mary,Subert,Mary@Subert.com,7104476023
,Holloway,Julie@Holloway.com,8088874640
Rodney,Hook,Rodney@Hook.com,9566698518
Tina,Watson,Tina@Watson.com,
Gary,Askew,Gary@Askew.com,9408783715
Florence,Benjamin,Florence@Benjamin.com,6587665844
Chad,Carmack,,2875648165
Robert,Armstrong,,4480553114
Autumn,Ritchie,,1952425748
Robert,Chandler,,2635820422
David,,David@Fresh.com,9873494024
Preston,Crowe,Preston@Crowe.com,2945287051
Wayne,Walker,Wayne@Walker.com,7358605982
Annette,Macdonald,Annette@Macdonald.com,6763156610
Brenda,Hogue,Brenda@Hogue.com,5739058356
Rex,Moran,Rex@Moran.com,2287228736
Anna,Blair,Anna@Blair.com,
Lois,Smith,Lois@Smith.com,3164184578
Tim,Culver,Tim@Culver.com,4072970845
Lucy,Walker,Lucy@Walker.com,8113147102
Laura,Bucio,Laura@Bucio.com,6868326543
Bruce,Klocke,Bruce@Klocke.com,6863985329
Larry,Heath,Larry@Heath.com,8152715737
Michael,Wyman,,4042502970
Christina,Tucker,Christina@Tucker.com,4607179251
John,Rivera,John@Rivera.com,4141043490
Wanda,Strauss,Wanda@Strauss.com,9697193780
Lilian,Donatich,Lilian@Donatich.com,2841362584
Jesse,Salinas,Jesse@Salinas.com,6194432918
Kathleen,Cantwell,Kathleen@Cantwell.com,5424606473
Tracy,Barnette,Tracy@Barnette.com,1685734675
Martha,Flagg,Martha@Flagg.com,4146807792
Christina,Pater,Christina@Pater.com,7156764495
Marie,Knight,Marie@Knight.com,6437455868
Edna,Farrar,Edna@Farrar.com,7198009990
Claudia,Leiker,Claudia@Leiker.com,4355721004
,Mcclellan,Megan@Mcclellan.com,
