First Name,Last Name,Email,Phone Number
Anita,Gutierrez,Anita@Gutierrez.com,1275001255
Madonna,Garcia,,2151464509
Sarah,Sanchez,Sarah@Sanchez.com,7399274135
Rosa,Naquin,Rosa@Naquin.com,9872280821
Annette,Biddick,Annette@Biddick.com,6521485276
John,Maas,John@Maas.com,1594299517
Josephine,Cast,Josephine@Cast.com,2861271541
,Pacini,Raymond@Pacini.com,7302752790
Kyong,Schmitt,Kyong@Schmitt.com,4382074125
,Hartzler,Bobby@Hartzler.com,1992306707
Alice,Stevenson,Alice@Stevenson.com,4861200663
Patrick,Osullivan,Patrick@Osullivan.com,3713325123
,Lynch,Betty@Lynch.com,7238823532
Benny,Bell,Benny@Bell.com,5415993895
Clarence,Long,Clarence@Long.com,1666640616
Sean,Frazier,Sean@Frazier.com,6706947893
Matthew,Block,Matthew@Block.com,9703736891
Christopher,,Christopher@Votta.com,5124317682
Jennie,Phan,Jennie@Phan.com,4448955863
Donald,Painter,Donald@Painter.com,8379440841
Santiago,Gonzalez,Santiago@Gonzalez.com,3940183473
Leroy,Jackson,Leroy@Jackson.com,7747128021
Jerry,,Jerry@Byington.com,1490187809
Pamela,Borden,Pamela@Borden.com,4505649947
Charles,Campbell,Charles@Campbell.com,9520719504
Melanie,Lee,Melanie@Lee.com,3021227390
Diane,Hynes,Diane@Hynes.com,
Douglas,Smith,Douglas@Smith.com,8305537667
Peter,,Peter@Murphy.com,6341038898
Rita,Platt,Rita@Platt.com,4164704663
Alphonso,Grote,Alphonso@Grote.com,7548572943
John,Osborne,John@Osborne.com,4979670155
Gilda,Whitson,Gilda@Whitson.com,4707465155
Debora,Webre,Debora@Webre.com,7303298334
Gerald,Lepine,Gerald@Lepine.com,6217637503
Joseph,Flath,Joseph@Flath.com,8127459680
Valerie,Pagan,Valerie@Pagan.com,1978505724
Shawn,Engelhardt,Shawn@Engelhardt.com,2319247819
Alejandro,Humphrey,Alejandro@Humphrey.com,5316540446
,Avila,Emily@Avila.com,5984904957
,Webb,Charlene@Webb.com,3351292754
Joanne,,Joanne@Vogt.com,1117214631
Charles,Brackman,Charles@Brackman.com,9218390106
Harold,Smith,Harold@Smith.com,4663047803
Tamiko,Correa,Tamiko@Correa.com,9105476005
,Young,Paula@Young.com,5131662898
Eugene,Stemmer,Eugene@Stemmer.com,2668785627
Ruth,,Ruth@Cho.com,3124206047
Rebecca,Byrd,Rebecca@Byrd.com,3135605265
,Lo,Carla@Lo.com,6690533067
Joe,Smith,Joe@Smith.com,3142881347
Russell,Bensman,Russell@Bensman.com,6741373880
Ann,Romero,Ann@Romero.com,5105413578
Frances,Mclaren,Frances@Mclaren.com,5474903491
Steve,Bailey,Steve@Bailey.com,7269145824
Antonia,,Antonia@Daub.com,
,Williams,Steven@Williams.com,3787660377
Marvin,Jackson,Marvin@Jackson.com,4008753071
Kathryn,Rubel,Kathryn@Rubel.com,7790458556
Yvonne,Lane,Yvonne@Lane.com,8925919625
Miguel,Cooper,Miguel@Cooper.com,2511135707
Marty,Askew,Marty@Askew.com,5123474221
,Buck,Donald@Buck.com,3410724378
Ashley,Vazquez,Ashley@Vazquez.com,3387567173
Donna,,Donna@Hernandez.com,1125674206
Nicole,Brown,Nicole@Brown.com,8705549669
Cathy,Lacour,Cathy@Lacour.com,4384016002
Matthew,Demeter,Matthew@Demeter.com,1771346664
Corina,,Corina@Douglas.com,2203345521
Lori,Hodges,Lori@Hodges.com,7142297990
Ruth,Burley,,7125658524
Audrey,Vien,Audrey@Vien.com,3051479664
Stacie,Puotinen,Stacie@Puotinen.com,3563923641
Jason,Barley,Jason@Barley.com,5503462841
Robert,Dyer,Robert@Dyer.com,1375022929
Lyle,Buckner,Lyle@Buckner.com,7287235093
Tiffany,Greer,Tiffany@Greer.com,1842188732
Wm,Reynolds,Wm@Reynolds.com,8871567637
Michael,Lay,Michael@Lay.com,6071744185
Nicholas,Sizemore,Nicholas@Sizemore.com,9724113864
Irene,Krause,Irene@Krause.com,7202358187
Eric,Shirley,Eric@Shirley.com,9062249327
David,Litwin,David@Litwin.com,
Aaron,Carrasco,Aaron@Carrasco.com,9924547115
Celia,Harmon,Celia@Harmon.com,9210547085
Yvette,Smith,Yvette@Smith.com,7697043224
Albert,Sanchez,Albert@Sanchez.com,8736388123
Martin,Pearson,Martin@Pearson.com,4982006096
Shawn,Fudge,Shawn@Fudge.com,1480148382
Richard,Schultz,Richard@Schultz.com,2304909809
Linda,Rodriguez,Linda@Rodriguez.com,9602968075
Oscar,,Oscar@Casanova.com,5096890950
Carina,Hughes,Carina@Hughes.com,
,Adkins,Elsie@Adkins.com,7406936377
Cory,Ratledge,Cory@Ratledge.com,1652276697
Dena,Lattimore,,1337003011
Brian,Hemstreet,Brian@Hemstreet.com,9280575848
Regina,Blackmore,Regina@Blackmore.com,2815274658
Natalie,Louis,Natalie@Louis.com,6676709238
James,Lowery,James@Lowery.com,6330536347
Robin,Mcintyre,Robin@Mcintyre.com,7803583054
Rita,Cox,Rita@Cox.com,7373688088
Jesus,Adams,,9710049182
John,Hsu,John@Hsu.com,4008638296
Howard,Rodriguez,Howard@Rodriguez.com,8459744855
Patrick,Munoz,Patrick@Munoz.com,2331457757
,Simmons,Royce@Simmons.com,5169629445
Christa,Lado,Christa@Lado.com,7561443854
,Howell,Nicholas@Howell.com,2167327180
Edwina,Medina,Edwina@Medina.com,7491414144
Amber,Magyar,Amber@Magyar.com,5296875636
Gary,Broadnax,Gary@Broadnax.com,2848896251
Wendy,Vencill,Wendy@Vencill.com,2409610697
Walter,Oakley,Walter@Oakley.com,2106361727
Isabell,Kenner,Isabell@Kenner.com,8587391315
Josephine,Noriega,,5878113885
Lucille,Lindquist,Lucille@Lindquist.com,6877418942
Kimberly,Mcnabb,Kimberly@Mcnabb.com,2424742585
Melissa,Sell,Melissa@Sell.com,1617385269
Jenell,Sullivan,Jenell@Sullivan.com,
Kathleen,Tomas,Kathleen@Tomas.com,2756258634
Pamela,Kayser,Pamela@Kayser.com,9572335714
Larry,Dame,Larry@Dame.com,7054224390
Joy,Simon,Joy@Simon.com,7954725993
,Sullivan,Clayton@Sullivan.com,6171552084
Tammy,Brakefield,Tammy@Brakefield.com,4614982526
Brian,Worley,Brian@Worley.com,7194646005
Heather,Sweitzer,Heather@Sweitzer.com,9381284381
Chelsea,Thompson,Chelsea@Thompson.com,6899319203
Charles,Stanton,Charles@Stanton.com,2151754880
Valerie,Rathje,Valerie@Rathje.com,2542640954
Tara,Snipes,Tara@Snipes.com,5081534049
Robert,Morris,Robert@Morris.com,
Maxine,Thompson,,
Henry,Perez,Henry@Perez.com,3805650855
Joseph,Jones,Joseph@Jones.com,4658286445
Patricia,Knight,Patricia@Knight.com,6485855433
James,Jimerson,James@Jimerson.com,1894107944
Charles,Windom,,
Robert,Miller,Robert@Miller.com,1894155344
Adam,Torres,Adam@Torres.com,6569826993
Roger,Renner,Roger@Renner.com,4887210021
Evan,Smith,Evan@Smith.com,2293978122
Marion,Craig,Marion@Craig.com,2684478723
Carolyn,Mccray,Carolyn@Mccray.com,7445886177
Mark,Boller,Mark@Boller.com,2851818040
Edna,Jackson,Edna@Jackson.com,6053114464
James,Mohabir,James@Mohabir.com,6749125189
Margaret,Williams,Margaret@Williams.com,9901003498
Chandra,Walker,Chandra@Walker.com,3367070968
Denyse,Smith,Denyse@Smith.com,4023180564
Carl,Aumiller,Carl@Aumiller.com,8416471493
Agatha,Lentz,Agatha@Lentz.com,9263119612
Luis,Moncada,Luis@Moncada.com,7158714281
Felicia,Bissonette,,2730511128
Jeremiah,Merrill,Jeremiah@Merrill.com,2573671341
Bernard,Wolfson,Bernard@Wolfson.com,4650787822
,,Frank@Sowards.com,9417383241
Michael,Showers,Michael@Showers.com,2011405727
William,Oliver,William@Oliver.com,7768067906
Brad,Anthony,Brad@Anthony.com,3370039603
Ethan,,Ethan@Glennon.com,1285421896
Niki,Norfleet,Niki@Norfleet.com,
Malcolm,Jenkins,Malcolm@Jenkins.com,3097932306
John,Samaniego,,6903899757
John,Schultz,John@Schultz.com,5495920732
Myron,Collins,Myron@Collins.com,
James,Dickie,James@Dickie.com,6117073096
Emily,Adams,Emily@Adams.com,9672241835
Christie,Smith,Christie@Smith.com,3564009852
Michael,Middleton,Michael@Middleton.com,5725880309
Tim,Wagner,Tim@Wagner.com,3564960898
Rory,Threatt,Rory@Threatt.com,6237482365
Carlos,Comer,Carlos@Comer.com,5527333556
Evelyn,,Evelyn@Doran.com,2311232206
Terrence,Gonzalez,Terrence@Gonzalez.com,4459286578
Ronald,Britt,Ronald@Britt.com,1329545640
Tori,Joyner,Tori@Joyner.com,8879329890
Daryl,Cook,Daryl@Cook.com,4771238868
Teri,Greis,Teri@Greis.com,9015913451
Rebecca,Pellot,Rebecca@Pellot.com,3920233488
Michael,Major,Michael@Major.com,6245308467
Rochelle,Chambers,Rochelle@Chambers.com,3329955172
Dustin,Gabe,Dustin@Gabe.com,9338802748
Raymond,Hurt,,7713333018
Heidi,Dudek,Heidi@Dudek.com,4757736413
Charles,Quandt,Charles@Quandt.com,6284095775
Amber,Derose,Amber@Derose.com,3849770431
Velva,Madrid,,3468434975
David,Anderson,David@Anderson.com,6889722398
Michael,Costa,Michael@Costa.com,8051043298
Mary,Earle,Mary@Earle.com,5914569307
,Bica,Rhonda@Bica.com,3739524024
Chris,Lemos,,1335631435
Jamie,Clark,Jamie@Clark.com,9428902918
Penney,Rayborn,Penney@Rayborn.com,7181773733
Sandra,Fyfe,Sandra@Fyfe.com,1568252700
Jillian,Nowell,Jillian@Nowell.com,6740537843
Corey,Craig,Corey@Craig.com,8816917964
Kathlyn,Vela,Kathlyn@Vela.com,5468201833
Matthew,Neiman,Matthew@Neiman.com,2861513434
,Durand,Alta@Durand.com,7078392325
Michael,Ahearn,Michael@Ahearn.com,4049117808
Brian,Gray,Brian@Gray.com,8470493528
Tiffany,Gleason,,3131405965
Lillian,Lorenz,Lillian@Lorenz.com,7242657703
Kyle,Gullickson,Kyle@Gullickson.com,7600217306
Dorothy,Shaefer,Dorothy@Shaefer.com,5281693945
Lewis,Smith,Lewis@Smith.com,9104381385
Brian,,Brian@Mosby.com,4766652324
Susan,Brown,Susan@Brown.com,3459669746
,Harding,Anne@Harding.com,3904920208
Trenton,Walker,Trenton@Walker.com,4714016033
Earlene,Pruitt,Earlene@Pruitt.com,9873283750
Anderson,Billups,Anderson@Billups.com,4435176056
Flora,Ramirez,Flora@Ramirez.com,8848613628
Paul,,Paul@Burns.com,9330592686
Tommie,Lapalme,Tommie@Lapalme.com,9404847389
Jeffrey,Cuadros,Jeffrey@Cuadros.com,3967522306
Rhonda,Johnson,Rhonda@Johnson.com,7869924885
Paul,Jones,Paul@Jones.com,5551331283
Antonio,Avant,Antonio@Avant.com,6077374391
Roy,Perkins,Roy@Perkins.com,3793011632
Hazel,Camp,Hazel@Camp.com,2034794272
Otis,Pitts,Otis@Pitts.com,8192324846
Nicholas,Lopez,,1286023455
Virginia,Terry,Virginia@Terry.com,5701856514
John,Horton,John@Horton.com,5708258751
,Kohn,Dawn@Kohn.com,1958318282
Lucy,Hayes,Lucy@Hayes.com,7129236270
Steve,Menchaca,Steve@Menchaca.com,1925395227
Nathan,,Nathan@Bane.com,8770306337
Winona,Broadfoot,Winona@Broadfoot.com,9500893542
Margaret,Pitcher,Margaret@Pitcher.com,3222967154
Donald,Camara,Donald@Camara.com,9354692366
Ronald,Mejia,Ronald@Mejia.com,4927554573
Kristin,Girman,Kristin@Girman.com,6978939280
Samantha,Bancroft,Samantha@Bancroft.com,4220916241
Latonya,,Latonya@Ogden.com,3623007854
Danielle,,Danielle@Chavez.com,5222329522
Catherine,,Catherine@Abarca.com,6191008815
Everett,Rich,Everett@Rich.com,4612968692
Kenneth,Mock,Kenneth@Mock.com,
Margaret,Cargile,Margaret@Cargile.com,5741041418
Joe,Payne,Joe@Payne.com,9175746028
Michael,Nunez,Michael@Nunez.com,5013931710
Chelsey,Watkins,Chelsey@Watkins.com,4921859977
Charles,Heckman,Charles@Heckman.com,1870232005
Lloyd,Miller,Lloyd@Miller.com,7751333592
Kimberly,Zeitler,Kimberly@Zeitler.com,7710796621
Ester,Silva,Ester@Silva.com,5526107084
Anthony,Nisbett,Anthony@Nisbett.com,4134591414
,Thurston,Joseph@Thurston.com,4828319340
John,Clark,John@Clark.com,4141110410
,Hockensmith,Andrea@Hockensmith.com,1885602536
Margaret,Bailey,Margaret@Bailey.com,5069216226
Georgia,Patton,Georgia@Patton.com,
Evan,Goldsberry,Evan@Goldsberry.com,1715137804
Stephanie,Vance,Stephanie@Vance.com,4813845452
Abram,Teague,Abram@Teague.com,5100531069
Bobby,Coffee,Bobby@Coffee.com,7554778582
Judith,Tippett,Judith@Tippett.com,9963877422
Tiffany,Henderson,Tiffany@Henderson.com,9097313321
,Mendoza,Vickie@Mendoza.com,7858872299
David,Armagost,David@Armagost.com,6836621703
Cynthia,Millan,Cynthia@Millan.com,7284297066
Jenny,Defabio,Jenny@Defabio.com,2018819482
Hillary,,Hillary@Watson.com,6808402713
Joshua,Greenhalge,Joshua@Greenhalge.com,4200124918
Aaron,Vasquez,Aaron@Vasquez.com,4252822912
Robin,Hudnell,,3947079652
Daniela,Hansford,Daniela@Hansford.com,7426890844
Kristi,Renn,Kristi@Renn.com,5404320422
Jay,Calico,Jay@Calico.com,6035975119
James,,James@Hiser.com,2782076316
Jo,Volkert,Jo@Volkert.com,6395503715
John,Kennell,John@Kennell.com,2527847445
Olga,Torres,Olga@Torres.com,9535649977
Patricia,Elrod,Patricia@Elrod.com,5875426345
James,Johnson,James@Johnson.com,2774796495
Leticia,Singer,Leticia@Singer.com,6392904584
Maragret,Husband,Maragret@Husband.com,8304463379
Timothy,Mash,Timothy@Mash.com,1815884920
Mercedes,Gracia,Mercedes@Gracia.com,7848521207
Melony,Rufino,Melony@Rufino.com,3150432373
Isabel,Comerford,Isabel@Comerford.com,9816367521
Floyd,Furst,Floyd@Furst.com,2398642269
Denise,,Denise@Gariepy.com,6736318422
Thomas,Wilson,Thomas@Wilson.com,1946562158
Roberta,Patterson,Roberta@Patterson.com,6294973298
Sarah,Southwood,Sarah@Southwood.com,
William,Crowson,William@Crowson.com,2584789824
Frances,Lunsford,Frances@Lunsford.com,6596304162
Lera,Dirickson,,3809953179
Glenda,Jaillet,Glenda@Jaillet.com,7342706327
Gary,Jenkins,Gary@Jenkins.com,6100256967
Frank,Carter,Frank@Carter.com,6612465197
,Sackal,Harry@Sackal.com,6955289560
Allison,Unterseher,Allison@Unterseher.com,1348910083
Nancy,Bynum,Nancy@Bynum.com,3812380268
Cynthia,Keys,Cynthia@Keys.com,1654370057
Maria,Perry,Maria@Perry.com,7345770918
Jane,Dayley,Jane@Dayley.com,2566239063
Janette,Dodson,Janette@Dodson.com,2352852476
Ronald,Orndorff,Ronald@Orndorff.com,6627855905
Kenny,Sepulveda,Kenny@Sepulveda.com,4315993720
Linda,Schindler,Linda@Schindler.com,7126759631
Steve,Page,,2078936412
Marcia,Trent,Marcia@Trent.com,9003827003
Mary,Giordano,Mary@Giordano.com,9630720753
Zina,Darby,Zina@Darby.com,3636782045
Ralph,,Ralph@Bundage.com,1999905828
Miguel,Tucker,Miguel@Tucker.com,5877268359
Dan,Pinkowski,Dan@Pinkowski.com,9115815907
Byron,Johnson,Byron@Johnson.com,2309336857
Elin,Baro,Elin@Baro.com,3456832593
Joseph,Mohammad,Joseph@Mohammad.com,9142097260
Stephanie,Wickersham,,6559349930
Cary,Felton,Cary@Felton.com,2688894241
Heath,Marmon,Heath@Marmon.com,8850364377
Jordan,,Jordan@Riojas.com,5021424186
Michael,Whitt,Michael@Whitt.com,1892674723
Shawn,Green,Shawn@Green.com,6279397862
Louis,Hunsucker,Louis@Hunsucker.com,5533243546
Adam,Hamilton,,2513622506
Brandon,Estrella,Brandon@Estrella.com,6314037711
Jessie,Messner,,4307213734
,Murphy,Martha@Murphy.com,2787621136
Heather,Rowe,Heather@Rowe.com,1212694582
Dana,Tillman,Dana@Tillman.com,1538024636
Floyd,Taylor,Floyd@Taylor.com,7448462354
Robert,Gehl,Robert@Gehl.com,3923836513
Monica,Hall,Monica@Hall.com,7824519720
Jennifer,Burkhart,Jennifer@Burkhart.com,6334098480
Jesse,Miller,Jesse@Miller.com,9952555861
Johnny,Thompson,Johnny@Thompson.com,1178289969
Kenneth,Lynch,Kenneth@Lynch.com,6483856816
Sylvia,Brown,Sylvia@Brown.com,4021020529
Thomas,Lusher,Thomas@Lusher.com,1047438575
Robert,Newsome,Robert@Newsome.com,1471624393
Tara,Castaneda,Tara@Castaneda.com,2293226183
,Harvey,,
Dawn,,Dawn@Toledo.com,8343950680
Jonathan,Fulton,Jonathan@Fulton.com,5037557621
Sharon,Valliere,Sharon@Valliere.com,7764875005
Jean,Chavez,Jean@Chavez.com,8666251295
Anthony,Tasker,Anthony@Tasker.com,5447874753
Matthew,Garcia,Matthew@Garcia.com,5813006479
Lori,Chou,Lori@Chou.com,8733975729
,Morris,Thomas@Morris.com,8348523609
Tim,Hamelin,Tim@Hamelin.com,1854947173
Corey,Linnear,Corey@Linnear.com,8759353000
Betty,Long,Betty@Long.com,9192802035
Kevin,Rowell,Kevin@Rowell.com,4292719515
,Newell,Thomas@Newell.com,7087144820
Lisa,Reed,,1986663989
Barbara,Kim,Barbara@Kim.com,2205338732
Kimberly,Whatoname,Kimberly@Whatoname.com,
Barbara,Clodfelter,Barbara@Clodfelter.com,9331717544
Ilse,Davis,Ilse@Davis.com,8960426726
Fernando,Bornhorst,Fernando@Bornhorst.com,1698736215
Martin,Thomas,Martin@Thomas.com,3091757874
Gail,Mckinney,Gail@Mckinney.com,4659941268
Janie,Miley,Janie@Miley.com,3156179826
Harold,Sanchez,Harold@Sanchez.com,3366679187
Toni,Miles,Toni@Miles.com,5250056317
Patricia,Pearson,Patricia@Pearson.com,9513945814
Johnnie,Culbreth,Johnnie@Culbreth.com,7327714609
,Kouba,James@Kouba.com,5426826340
Andrew,Brooks,Andrew@Brooks.com,3396273246
Charlotte,Feyh,Charlotte@Feyh.com,3622325306
Linda,Cox,Linda@Cox.com,8578359705
Cris,Bila,Cris@Bila.com,6790143171
Greg,Kirkpatrick,,7511537459
,Valentin,Joan@Valentin.com,
Denise,Pepin,Denise@Pepin.com,6884297089
Mark,Pick,Mark@Pick.com,5903855100
Wayne,Russo,Wayne@Russo.com,4843270699
Mary,,Mary@Roseberry.com,4490551664
Susan,Johnson,,5149814267
Linda,Perez,Linda@Perez.com,9118318366
Edgar,Ng,Edgar@Ng.com,7753631167
Lavonne,Blok,Lavonne@Blok.com,2623825683
Phyllis,King,,3103901093
Willie,Carter,Willie@Carter.com,8250889331
Gloria,Beaudoin,Gloria@Beaudoin.com,4987598546
Carol,Neely,Carol@Neely.com,7195014226
Jeff,Johnson,Jeff@Johnson.com,6352042670
Cedric,Bastianelli,Cedric@Bastianelli.com,
Sandra,Moore,Sandra@Moore.com,6981772938
Randy,Grant,Randy@Grant.com,1817758890
Mary,Douglas,Mary@Douglas.com,9698735126
Paul,Arons,Paul@Arons.com,3017629000
Aaron,Hecht,Aaron@Hecht.com,1768097081
Petra,Vandeventer,Petra@Vandeventer.com,1873230663
Lois,Pybus,,9576284950
Jacob,Tutt,,8213114449
Johnnie,Bursley,Johnnie@Bursley.com,4871633199
Carrol,Goldstein,Carrol@Goldstein.com,3618250332
Tommy,Peer,Tommy@Peer.com,5690701668
Barbara,Vella,Barbara@Vella.com,3963685754
Maxine,Carter,Maxine@Carter.com,6226657929
Jorge,Roy,Jorge@Roy.com,2189863632
Eric,Engler,Eric@Engler.com,8174596128
Jason,Gil,Jason@Gil.com,5412864075
Nancy,Jordan,Nancy@Jordan.com,2761127368
Clifton,Bradford,,5725329602
Mona,Burrows,Mona@Burrows.com,4927392509
Moises,Murphy,Moises@Murphy.com,4557499476
Brian,Landstrom,Brian@Landstrom.com,9167231601
Alan,Fetterolf,Alan@Fetterolf.com,1311994973
Joan,Harris,Joan@Harris.com,9773393915
Stuart,Dora,Stuart@Dora.com,9110696968
,Castellanos,Dennis@Castellanos.com,9683489896
Calvin,Vaughn,,9326065826
Ashley,Powell,Ashley@Powell.com,4024012762
Micah,King,Micah@King.com,2266785948
Miguel,Sissel,Miguel@Sissel.com,5927691523
Maggie,Cohoon,Maggie@Cohoon.com,8419201524
Amy,Trasher,Amy@Trasher.com,4511987241
Nancy,Lamb,Nancy@Lamb.com,9473691233
Robert,Pittman,Robert@Pittman.com,9683136819
Steve,Hardin,,2594605485
Charlie,Doe,Charlie@Doe.com,6331760163
Morgan,Thomas,Morgan@Thomas.com,4509964380
Lisa,Belcher,Lisa@Belcher.com,6471742669
Joshua,,,3923053789
Elmer,Smith,Elmer@Smith.com,9207659990
,Abbott,Jeremy@Abbott.com,4556227999
Nadia,Proctor,Nadia@Proctor.com,2185861931
Percy,Allison,Percy@Allison.com,6746956402
Brenda,Willson,Brenda@Willson.com,9055352722
Steven,Jackson,Steven@Jackson.com,5405279367
Lorraine,Fontes,Lorraine@Fontes.com,2445659589
Sarah,Stewart,Sarah@Stewart.com,5406566708
Leslie,Noel,Leslie@Noel.com,1228798003
Patricia,Kissinger,Patricia@Kissinger.com,5335848838
Wendell,Grappe,Wendell@Grappe.com,3476267624
Gladys,Moran,Gladys@Moran.com,2995337049
John,Sauer,John@Sauer.com,4904153224
Tristan,Fortier,Tristan@Fortier.com,6945014885
,Wilkes,Delbert@Wilkes.com,7896532792
Pamela,Taylor,Pamela@Taylor.com,7961435752
Crystal,Bennett,Crystal@Bennett.com,4891980792
Jennifer,Seville,Jennifer@Seville.com,7145647415
Sherri,Wood,Sherri@Wood.com,4677428074
Barbara,Meyer,Barbara@Meyer.com,3416510438
Todd,Imel,Todd@Imel.com,4901183716
James,,James@Danger.com,8848690206
Toni,Reaves,Toni@Reaves.com,2818545919
Jodi,Dudley,Jodi@Dudley.com,7813569514
Anthony,Robinson,Anthony@Robinson.com,3409750502
David,Brown,David@Brown.com,9336069564
Richard,Smith,Richard@Smith.com,9374335974
Chris,King,Chris@King.com,8796271951
Judith,,Judith@Johnson.com,1325105645
Helen,Ortiz,Helen@Ortiz.com,6001235200
Lauren,Buehlman,Lauren@Buehlman.com,2176945711
Alfonso,Vance,Alfonso@Vance.com,4941182591
Annie,Bright,Annie@Bright.com,1231291685
Kathy,Wirt,Kathy@Wirt.com,5033855837
Richard,Dickison,Richard@Dickison.com,5153397936
Joseph,Daly,Joseph@Daly.com,3962456069
,Robinson,Jacqueline@Robinson.com,8145346569
Jerald,Reeves,Jerald@Reeves.com,1995758308
Natividad,Feldman,Natividad@Feldman.com,6988076729
Lori,Sullivan,Lori@Sullivan.com,
Elizabeth,Bowes,Elizabeth@Bowes.com,5459011297
Adam,Williams,Adam@Williams.com,8387341971
John,Starr,John@Starr.com,9047882564
Andrea,Kemper,Andrea@Kemper.com,9175608943
Ernest,Mickens,Ernest@Mickens.com,7779901885
Patricia,Swinney,Patricia@Swinney.com,5775127468
Ginger,Carranza,Ginger@Carranza.com,8323399110
Dean,Li,Dean@Li.com,7257938546
Clayton,Spears,Clayton@Spears.com,5948814120
John,Waldron,John@Waldron.com,9670327069
,Rangel,Jeff@Rangel.com,1333206097
Jorge,Alvarez,Jorge@Alvarez.com,9429440313
John,Crosslin,John@Crosslin.com,5692897932
Ronnie,Ward,Ronnie@Ward.com,5782224929
Anthony,Lauer,Anthony@Lauer.com,3708869341
Ryan,White,Ryan@White.com,1359791050
Melissa,Bard,Melissa@Bard.com,3427053042
Sylvester,Marr,Sylvester@Marr.com,5213106489
Alice,Deere,Alice@Deere.com,6129644267
Lois,Moss,Lois@Moss.com,6558021472
Lea,Scott,Lea@Scott.com,4260028613
Dorene,,Dorene@Ortiz.com,4570685036
Paul,Berlinski,Paul@Berlinski.com,9996031720
Michelle,Sabatino,Michelle@Sabatino.com,1097806315
Jacob,,Jacob@Riley.com,8709101984
Richard,Adamson,Richard@Adamson.com,4493254421
Billy,Sanchez,Billy@Sanchez.com,7202339967
Patricia,Zachmann,Patricia@Zachmann.com,6614908442
Linda,Durso,Linda@Durso.com,7895375860
Stacie,Mcglone,Stacie@Mcglone.com,8432251966
Adam,Morrison,Adam@Morrison.com,8774256550
Antonio,Love,,3200624947
Vernon,Nieves,Vernon@Nieves.com,6786962506
Joey,Williams,Joey@Williams.com,6337533906
Woodrow,Meadows,Woodrow@Meadows.com,8484645003
Lynette,Bloom,Lynette@Bloom.com,1774499976
Nora,Crowley,Nora@Crowley.com,3236870066
Jon,Chen,Jon@Chen.com,9036703508
Patricia,Epstein,Patricia@Epstein.com,7772921068
Nancy,James,Nancy@James.com,4236811025
Zachary,Hudson,Zachary@Hudson.com,4583055393
Jose,Williams,Jose@Williams.com,6815040657
Clifton,Patel,Clifton@Patel.com,7237405721
Tamara,,Tamara@Morris.com,
Lisa,Tyler,Lisa@Tyler.com,6661889804
Sandra,Vega,Sandra@Vega.com,9191452094
James,Brignac,James@Brignac.com,3144488260
Robert,Chambliss,,2048604098
Alma,Ivory,Alma@Ivory.com,7409315780
Deborah,Hatfield,Deborah@Hatfield.com,7886180145
Natalie,Vega,Natalie@Vega.com,7432746319
Terry,,Terry@Jackson.com,5084826226
Jamison,Hamilton,Jamison@Hamilton.com,9698291167
Nicole,Corliss,Nicole@Corliss.com,
Leroy,Rivera,Leroy@Rivera.com,
Scott,Cotton,Scott@Cotton.com,2737234386
Kevin,Lavery,Kevin@Lavery.com,7951190935
Grace,Buisson,Grace@Buisson.com,8693026889
Eugene,Rose,Eugene@Rose.com,6036064418
Vance,Johnson,,8206665241
Brooke,Hemrich,,1247382104
Maritza,Gonser,Maritza@Gonser.com,1027573214
James,Swanner,James@Swanner.com,1877418940
Marjorie,Burbridge,Marjorie@Burbridge.com,4752516879
Milagros,Rodriguez,Milagros@Rodriguez.com,6024177838
Susan,Bridges,Susan@Bridges.com,7804252851
Sharon,,Sharon@Whipple.com,8428034691
Kathleen,Hogg,Kathleen@Hogg.com,9601377871
Mark,Sipp,Mark@Sipp.com,3165528746
,Skalicky,Arthur@Skalicky.com,
Charles,Stodden,Charles@Stodden.com,7505185515
Michelle,Haug,Michelle@Haug.com,8280460268
Mark,Steward,Mark@Steward.com,6417056275
Donald,Dirico,Donald@Dirico.com,2623839681
Catherine,Mouton,Catherine@Mouton.com,4172882062
Rosa,Gonzales,Rosa@Gonzales.com,3834519663
David,Tang,David@Tang.com,3313223234
Michael,Kelly,Michael@Kelly.com,9381931674
Ian,Castor,Ian@Castor.com,9416292339
Andrew,Love,Andrew@Love.com,2620328868
Carolyn,Grossman,Carolyn@Grossman.com,1344742590
Dianna,Padilla,Dianna@Padilla.com,4896269102
Sylvia,Jones,Sylvia@Jones.com,5225965916
Joe,Smith,Joe@Smith.com,8387177373
Glenn,Ricci,,2039613690
John,Everts,John@Everts.com,6772303387
Ernest,Jenkins,Ernest@Jenkins.com,5944522662
,Stegall,Bernice@Stegall.com,6103875196
Roy,,Roy@Wasden.com,3226683258
Esther,Mcgrath,Esther@Mcgrath.com,9245163291
Fannie,Leonard,Fannie@Leonard.com,1433968510
Levi,Andrade,Levi@Andrade.com,1674605875
Jerry,Giannini,Jerry@Giannini.com,5806793081
Shirley,Macchione,Shirley@Macchione.com,7762476480
Lisa,Moore,Lisa@Moore.com,7045967522
Zachary,Johnson,Zachary@Johnson.com,7614100082
Naomi,White,Naomi@White.com,4385103988
Vida,Lawson,Vida@Lawson.com,1896349399
Daniel,Richard,Daniel@Richard.com,8683232376
Diane,,,4338169262
Scott,Gump,Scott@Gump.com,2036591726
,Muscara,Clement@Muscara.com,1609699782
Loretta,Bolton,Loretta@Bolton.com,4380953486
Lorenzo,Cole,,3265941010
Mary,,Mary@Parker.com,5694094850
Cynthia,Winston,Cynthia@Winston.com,5159482992
Ginger,Wolfe,Ginger@Wolfe.com,
Jamie,Carroll,Jamie@Carroll.com,4595112579
May,Espinosa,May@Espinosa.com,4563258665
Charles,Stanley,Charles@Stanley.com,5670925411
Rita,Morefield,Rita@Morefield.com,9188404064
Barbara,Perego,Barbara@Perego.com,7845378366
George,Wallace,George@Wallace.com,4912627625
,Mays,Robert@Mays.com,6566202436
Anthony,,Anthony@Ruffin.com,7712278626
Oralia,Martinez,Oralia@Martinez.com,1971347490
Amos,Perryman,Amos@Perryman.com,6814342707
James,Yates,James@Yates.com,1445636222
Robert,Tyson,Robert@Tyson.com,3870916538
Philip,Wenger,Philip@Wenger.com,4182536119
Margaret,,Margaret@Giunta.com,5659343523
Oralia,Ferguson,Oralia@Ferguson.com,7252051567
Claudia,Casey,Claudia@Casey.com,6264544864
Shannon,Smith,Shannon@Smith.com,7760408561
Cornell,Stanley,Cornell@Stanley.com,8818949595
Terri,Munford,Terri@Munford.com,6286024721
Beverly,Hansen,Beverly@Hansen.com,6149951991
Billy,Grace,Billy@Grace.com,3424264361
Mary,Buban,Mary@Buban.com,6596458909
Ronald,Hambleton,,5602106687
Gail,Beal,Gail@Beal.com,3281417764
Linda,Hudson,Linda@Hudson.com,2145369259
,Delk,Roy@Delk.com,4636357103
Hilda,Morguson,Hilda@Morguson.com,1826861287
Lasandra,Bratcher,Lasandra@Bratcher.com,2261467892
Jonathan,Ochoa,Jonathan@Ochoa.com,5535723948
Mary,Bickmore,Mary@Bickmore.com,4735769879
Tonya,Barger,Tonya@Barger.com,7149613005
Valarie,Doolittle,Valarie@Doolittle.com,6646352927
Karen,Post,Karen@Post.com,9317032326
Glen,Sanford,Glen@Sanford.com,8503833025
Richard,Smith,Richard@Smith.com,5666343820
,Novak,Philip@Novak.com,8984784895
Darrell,Pruitt,Darrell@Pruitt.com,8691726771
Maria,Carbonaro,Maria@Carbonaro.com,8051491351
Paul,Watson,Paul@Watson.com,1682790842
Margie,Dunn,,3653723056
Ulrike,Hudgins,Ulrike@Hudgins.com,1150659396
John,Acosta,John@Acosta.com,8690530266
James,Minutillo,James@Minutillo.com,8430529433
Richard,Lovell,Richard@Lovell.com,1181249483
Janet,Dueno,Janet@Dueno.com,1414479842
Michael,Robbins,Michael@Robbins.com,1269880503
Antione,Banks,Antione@Banks.com,6993169009
Gilbert,Dower,Gilbert@Dower.com,2639699683
Gerry,Burks,Gerry@Burks.com,1861804223
Linda,Hobbs,Linda@Hobbs.com,1249515199
Charles,Phillips,Charles@Phillips.com,3719694862
Blake,Tucker,Blake@Tucker.com,1482512540
,Lukens,Bob@Lukens.com,3046630311
Amy,George,Amy@George.com,2517474853
Luther,East,Luther@East.com,5901775912
Catherine,Holmes,Catherine@Holmes.com,2342399728
Nancy,Aiello,,2444448134
Marilyn,Monjaras,Marilyn@Monjaras.com,
Jorge,,Jorge@Williams.com,2893980645
Jose,Ramos,Jose@Ramos.com,1492089484
Thomas,Blakley,Thomas@Blakley.com,7482480679
Charles,Sullivan,Charles@Sullivan.com,6128641275
Ginger,Williams,Ginger@Williams.com,8563978604
Mike,Hearon,Mike@Hearon.com,7853436742
Harley,Abreu,Harley@Abreu.com,8492932706
Robert,Wilkerson,Robert@Wilkerson.com,1560374576
Victor,Boyd,Victor@Boyd.com,7306922583
Harlan,Chen,Harlan@Chen.com,8764362007
Alysa,Reid,Alysa@Reid.com,7358378808
Jean,Skelton,Jean@Skelton.com,5831946748
Victor,Carrington,Victor@Carrington.com,8175639434
Mary,Rambo,Mary@Rambo.com,5827680920
Edward,Robins,Edward@Robins.com,1708088605
Johnnie,Walters,Johnnie@Walters.com,5729570254
Jillian,Poynter,Jillian@Poynter.com,4502255642
Lois,,,2789520038
,Napier,Catherine@Napier.com,4845617824
John,Kaplan,John@Kaplan.com,9186145925
Leo,Ezell,Leo@Ezell.com,9128162735
Anthony,Dugan,Anthony@Dugan.com,2634738864
Tobie,Kershner,Tobie@Kershner.com,7326113247
Lula,Huntley,Lula@Huntley.com,7921491332
Brenda,Sullivan,Brenda@Sullivan.com,7346444859
Randy,,Randy@Shea.com,9287060495
,Adams,Natasha@Adams.com,6634802362
,Holleman,Eileen@Holleman.com,8279333891
Barbara,Owen,Barbara@Owen.com,1790255715
Christopher,Perales,Christopher@Perales.com,2317787177
William,Robinson,William@Robinson.com,1186086075
Norma,Strahm,,3117826908
Anthony,Ling,Anthony@Ling.com,5933784492
Mary,Castro,Mary@Castro.com,3126603625
Erika,Croy,Erika@Croy.com,9870726063
Julia,Dyer,Julia@Dyer.com,8929226563
Anthony,Stamison,Anthony@Stamison.com,5875419767
Donald,Kaplan,Donald@Kaplan.com,9470713930
Patrick,Cobian,Patrick@Cobian.com,5780851220
Thomas,Padilla,Thomas@Padilla.com,7335507219
George,Lee,George@Lee.com,
Rupert,Davis,Rupert@Davis.com,5361288232
Laurie,Wise,Laurie@Wise.com,5972993534
Julie,Burns,Julie@Burns.com,7451707175
Claudia,Hilton,Claudia@Hilton.com,5664503937
Tyra,Busch,Tyra@Busch.com,7599576397
Wendell,Stephenson,Wendell@Stephenson.com,9970708184
,Garcia,Crystal@Garcia.com,8823303240
Paul,Hornyak,Paul@Hornyak.com,3223454954
Cyndi,Brammell,Cyndi@Brammell.com,1048106108
James,Thorn,James@Thorn.com,5229239126
Phyllis,Holben,Phyllis@Holben.com,5936365792
Terry,Hintz,Terry@Hintz.com,1243415984
Alan,Parker,Alan@Parker.com,9778459816
,Campbell,James@Campbell.com,5765204992
Pauline,Beauchamp,Pauline@Beauchamp.com,5941891382
Kathy,Craddock,Kathy@Craddock.com,5342909880
Elizabeth,Allman,Elizabeth@Allman.com,7053115639
Laura,Meza,Laura@Meza.com,4748937810
Ted,Bruno,Ted@Bruno.com,5914495593
Dan,Pennell,Dan@Pennell.com,2663827801
Douglas,Hawkins,Douglas@Hawkins.com,6140728096
Glenn,Brown,Glenn@Brown.com,9762470899
,Boros,Ron@Boros.com,6272350431
Lucretia,,Lucretia@Bookman.com,9412939430
Terry,Olewine,Terry@Olewine.com,1663217488
Marcia,Guarnera,Marcia@Guarnera.com,9284236246
Terry,Veilleux,Terry@Veilleux.com,2247197086
Heather,Lopez,Heather@Lopez.com,3024941359
John,Martucci,John@Martucci.com,1892538667
Michael,,Michael@Hoelscher.com,4938115902
Ashley,Levine,Ashley@Levine.com,5236101335
Gloria,Jennings,Gloria@Jennings.com,6020482330
Barbara,Kong,Barbara@Kong.com,6501214384
Randy,Loeb,Randy@Loeb.com,
Ronald,Lopez,Ronald@Lopez.com,8298455474
Willie,Gaines,Willie@Gaines.com,1218266256
Julia,Knudsen,Julia@Knudsen.com,6756383234
Damian,Ruth,Damian@Ruth.com,1874153229
Monica,Perkins,Monica@Perkins.com,
,Vega,Jayson@Vega.com,1126425238
Jessica,Dombrowski,Jessica@Dombrowski.com,5591938961
,Rivera,Harrison@Rivera.com,2152864842
Damon,Myers,Damon@Myers.com,4607519332
Jimmy,Wilder,Jimmy@Wilder.com,6415434510
Robert,Burdick,Robert@Burdick.com,8969062224
George,Wymore,George@Wymore.com,9024393411
Kai,,Kai@Sutton.com,5579748908
Jerry,Williams,Jerry@Williams.com,2067124703
Dennis,Kennedy,Dennis@Kennedy.com,2494469201
Willis,Robley,Willis@Robley.com,2546486441
Charlie,Medez,Charlie@Medez.com,4638045393
Adelaide,Edgerton,,5770646123
Don,Gilbert,,6875725078
Lena,Heckstall,Lena@Heckstall.com,4288893681
Margaret,Packer,Margaret@Packer.com,5289028623
John,Swenson,John@Swenson.com,1846192760
David,Snyder,David@Snyder.com,5861184350
Jack,Hasley,Jack@Hasley.com,7232521092
Maryjane,Hall,Maryjane@Hall.com,9516398656
Cheryl,Fritsch,Cheryl@Fritsch.com,1250375936
Federico,Ruben,Federico@Ruben.com,2878924612
Gerald,Avery,Gerald@Avery.com,8822594081
Yolanda,Sloane,Yolanda@Sloane.com,7726739057
Nelda,King,Nelda@King.com,2587783060
Denise,Mccombs,Denise@Mccombs.com,9059222461
Thomas,Curran,Thomas@Curran.com,9104074308
Robert,Vazquez,Robert@Vazquez.com,4127085249
Regina,Sanchez,Regina@Sanchez.com,2369512061
James,Griffin,James@Griffin.com,4842098917
Harry,Penza,Harry@Penza.com,8556002303
Anthony,Martin,Anthony@Martin.com,6955017431
,Bullard,Kelli@Bullard.com,4918114496
Janet,Wittstock,Janet@Wittstock.com,1168544198
Everett,Durham,,8441806251
Lauren,Folk,Lauren@Folk.com,7809376805
Rex,Williams,Rex@Williams.com,1725168890
Joan,Cosgrove,Joan@Cosgrove.com,5158869550
David,Brule,David@Brule.com,9274336686
Betty,Blackwell,Betty@Blackwell.com,4864918094
David,Llewellyn,David@Llewellyn.com,3814005898
Robert,Thompson,Robert@Thompson.com,1145541148
John,Marbley,John@Marbley.com,7658916435
Melba,Buff,Melba@Buff.com,2210912171
Richard,Mccrea,Richard@Mccrea.com,9452559547
Magdalena,Craig,Magdalena@Craig.com,2566163075
Jesus,Lawrence,Jesus@Lawrence.com,4939401922
Cynthia,Kellogg,Cynthia@Kellogg.com,1013299889
Marjorie,Vansickle,Marjorie@Vansickle.com,6329799063
Patricia,Hunt,Patricia@Hunt.com,8526111181
Mary,Harris,,8359680023
Leslie,Hays,Leslie@Hays.com,8607902636
Jennifer,Morin,Jennifer@Morin.com,5732545173
John,Myers,John@Myers.com,
Alonzo,Mason,Alonzo@Mason.com,5866073908
Dianne,Nickerson,Dianne@Nickerson.com,3112052615
Emily,Black,Emily@Black.com,2334823284
Bethany,Cianciolo,Bethany@Cianciolo.com,9586164811
Benjamin,Manley,Benjamin@Manley.com,3501528277
,Platt,Phyllis@Platt.com,5103464631
Michael,Mark,Michael@Mark.com,
Eduardo,Larve,Eduardo@Larve.com,9082942687
Joel,Buenrostro,Joel@Buenrostro.com,7845009360
Walter,Ohara,Walter@Ohara.com,9239576527
Brenda,Mays,Brenda@Mays.com,8056884981
Gwendolyn,Miller,Gwendolyn@Miller.com,4251572772
Jose,Carter,Jose@Carter.com,
Erica,Gardner,Erica@Gardner.com,7774077008
Paige,Cardenas,Paige@Cardenas.com,3625610294
Kimberly,Roudabush,Kimberly@Roudabush.com,3735457039
Richard,Cherry,Richard@Cherry.com,2226986025
,Baron,Joseph@Baron.com,3975570147
Helen,Reilly,Helen@Reilly.com,2791557719
Samuel,Than,Samuel@Than.com,7224662863
Judith,Hoagland,Judith@Hoagland.com,8500406975
Barbara,Macvane,Barbara@Macvane.com,7701359529
April,Fuller,April@Fuller.com,1452843810
Pamela,Miller,Pamela@Miller.com,8599394296
Lisa,Jackson,Lisa@Jackson.com,3243761368
Stephanie,Smith,Stephanie@Smith.com,6147764079
Joshua,Wright,Joshua@Wright.com,3573144733
Daniel,Clark,Daniel@Clark.com,5760420970
Cecile,Lang,,7953187641
Jerry,Bracken,Jerry@Bracken.com,3624668808
Lisa,Hall,Lisa@Hall.com,8133585024
Allison,Williams,Allison@Williams.com,2025735216
Julia,Trusty,Julia@Trusty.com,1662919921
Ross,Taylor,Ross@Taylor.com,2727516810
Ivan,Mcclay,Ivan@Mcclay.com,3681542977
Ruth,Blomquist,Ruth@Blomquist.com,8305137216
Lisa,Brier,Lisa@Brier.com,
Kate,May,Kate@May.com,7275324584
Anne,Ortega,Anne@Ortega.com,9708713631
Cindy,,Cindy@Mahon.com,4392657090
Becky,Amante,Becky@Amante.com,8298778608
Sandra,Huckleberry,Sandra@Huckleberry.com,6663591685
Sophia,Barajas,Sophia@Barajas.com,6536028462
Janet,Combs,Janet@Combs.com,6002683181
Shawn,Morton,Shawn@Morton.com,6641075958
Amy,Webb,Amy@Webb.com,1623136082
Kimberly,Patten,Kimberly@Patten.com,8850048226
Margie,Burke,Margie@Burke.com,3031883168
Kimberly,Dye,Kimberly@Dye.com,9546838826
Doris,Magana,Doris@Magana.com,6264039416
Anthony,Smith,Anthony@Smith.com,4970040754
Ramona,,,3153248179
Sarah,Dunkan,Sarah@Dunkan.com,8353167036
Ramon,Moses,Ramon@Moses.com,3435939527
Amber,Allen,Amber@Allen.com,8761258134
Christina,Hinkle,Christina@Hinkle.com,6282385544
Vernon,Iliff,Vernon@Iliff.com,6806208150
Sarah,Thompson,Sarah@Thompson.com,1059153225
Phil,,Phil@Harris.com,3312795231
Jacqueline,Mcmahon,Jacqueline@Mcmahon.com,1069150529
Becky,Flores,Becky@Flores.com,7004405407
Jillian,Delagarza,Jillian@Delagarza.com,8039994159
Lucille,Dowling,Lucille@Dowling.com,4470987897
Kristin,Stewart,Kristin@Stewart.com,3718996928
Lester,Fitzpatrick,Lester@Fitzpatrick.com,4827828025
Iris,Yonkoske,Iris@Yonkoske.com,3849634142
Karen,Snow,Karen@Snow.com,1051923935
Flor,Diaz,Flor@Diaz.com,5983329257
Brian,Ward,Brian@Ward.com,2264523422
Jason,Machenry,Jason@Machenry.com,6212660505
Robert,Tomblin,Robert@Tomblin.com,
Amelia,Soto,Amelia@Soto.com,5257607861
Mitchel,Mcgehee,Mitchel@Mcgehee.com,2127812601
Herbert,Yantzer,Herbert@Yantzer.com,3366763732
Ryan,Taylor,Ryan@Taylor.com,1034941780
Donna,Bahena,Donna@Bahena.com,9742289640
Mary,Berube,Mary@Berube.com,5249970247
Judith,Scott,Judith@Scott.com,4788963302
Terri,Barron,Terri@Barron.com,5447889507
Joshua,Feiner,Joshua@Feiner.com,8968805590
Taunya,Pierce,Taunya@Pierce.com,7989201433
Traci,Jones,Traci@Jones.com,6057777881
Kathryn,Baldwin,Kathryn@Baldwin.com,5021566050
Tammy,Durall,Tammy@Durall.com,2027947256
Margery,Cano,Margery@Cano.com,1445732045
Carlos,Turner,Carlos@Turner.com,5387456509
Brandy,Pressly,Brandy@Pressly.com,8432964051
Katie,Thomas,Katie@Thomas.com,7389705368
Audrey,Simon,Audrey@Simon.com,5578998535
Virgina,,Virgina@Ashalintubbi.com,9679341468
Reginald,Bloom,Reginald@Bloom.com,1873453173
Debbie,Wright,Debbie@Wright.com,2818754825
Colleen,Wilson,Colleen@Wilson.com,9079083942
Hazel,Storrs,Hazel@Storrs.com,1599873619
Jason,Dean,Jason@Dean.com,2647829811
Mike,Bolden,Mike@Bolden.com,4283306374
Nina,Conger,Nina@Conger.com,8472944468
Sandra,Conner,Sandra@Conner.com,1330995661
Mitchell,Ku,Mitchell@Ku.com,6686160469
Oliver,Oneal,Oliver@Oneal.com,5909269154
Susan,Clark,Susan@Clark.com,2351497731
Gordon,Tomer,Gordon@Tomer.com,7212664852
Jessica,Wethje,Jessica@Wethje.com,6314415466
Elizabeth,Doss,Elizabeth@Doss.com,8624339065
Annette,Schreiber,Annette@Schreiber.com,8591464056
Brandon,Newman,Brandon@Newman.com,9337312293
Madge,Mattingly,Madge@Mattingly.com,5314444571
Kyle,Otto,Kyle@Otto.com,8820535598
James,Johns,James@Johns.com,9891450653
Keith,Hooten,Keith@Hooten.com,6083174620
Peggy,Cross,Peggy@Cross.com,7442279779
Wilson,Wilhelm,Wilson@Wilhelm.com,9191036531
Matthew,Gresham,Matthew@Gresham.com,
Mario,Beebe,Mario@Beebe.com,6975579357
Heather,Varney,Heather@Varney.com,1255156612
Lisa,Seal,Lisa@Seal.com,4701962428
Jennie,Duda,Jennie@Duda.com,3726891906
Gary,Aveline,Gary@Aveline.com,2337564986
Richard,Ward,Richard@Ward.com,3308517085
Cecil,Besley,Cecil@Besley.com,9943553841
Neil,Renteria,Neil@Renteria.com,9907150312
Dawn,Tramel,Dawn@Tramel.com,9551064730
Ruth,Bently,Ruth@Bently.com,4079936516
Erika,Morales,Erika@Morales.com,1993489739
Scott,Gillespie,Scott@Gillespie.com,1850382506
Donna,Hewitt,Donna@Hewitt.com,7503680331
,Jackson,Juanita@Jackson.com,6925549519
Eva,Pass,Eva@Pass.com,8301921642
Sherry,Sanchez,Sherry@Sanchez.com,5633818104
Shirley,Folsom,Shirley@Folsom.com,7494645055
Steve,Jarrett,Steve@Jarrett.com,8841842046
Carolyn,Williams,Carolyn@Williams.com,3151666431
Tammy,Stahlman,Tammy@Stahlman.com,4653030668
John,Walker,John@Walker.com,5801984992
Tim,Shaw,Tim@Shaw.com,1442188262
Rebecca,Johnson,Rebecca@Johnson.com,8675386081
Michael,Ward,Michael@Ward.com,4524340814
Leroy,Ganison,Leroy@Ganison.com,8694246076
Linda,Aleman,Linda@Aleman.com,8061787550
Ryan,Mcvey,Ryan@Mcvey.com,2633930557
Doris,Reed,Doris@Reed.com,7998954651
John,Phillips,John@Phillips.com,9853171848
Phyllis,Vargas,Phyllis@Vargas.com,5760576684
John,Pate,John@Pate.com,4921617532
Ernest,Graham,Ernest@Graham.com,
Robert,Bledsoe,,4083200753
Felicia,Morton,Felicia@Morton.com,3522086052
Sergio,Mcgowen,Sergio@Mcgowen.com,6860754071
Lloyd,Keisel,Lloyd@Keisel.com,4754070326
Teresa,Stevens,Teresa@Stevens.com,5439671285
Mark,Brown,Mark@Brown.com,6717952865
Sylvia,Miera,Sylvia@Miera.com,4098557779
Ruth,Daniel,Ruth@Daniel.com,4858452307
Sarah,Holston,Sarah@Holston.com,2247561724
Amber,Owens,Amber@Owens.com,2836876833
Harry,Abernathy,Harry@Abernathy.com,8548376029
Lee,Pena,Lee@Pena.com,7713742723
Kay,Jenkins,Kay@Jenkins.com,8009738714
Denise,Douglas,Denise@Douglas.com,6563818780
Dennis,Hansen,Dennis@Hansen.com,2531965419
Elaine,Banuelos,Elaine@Banuelos.com,
Carolyn,Carter,Carolyn@Carter.com,4012405703
Joe,Silvia,Joe@Silvia.com,1904026820
Winifred,Greaves,Winifred@Greaves.com,2277779844
Virginia,Peterson,Virginia@Peterson.com,2057244100
Sherrie,Kessler,Sherrie@Kessler.com,4369194291
Erik,Pullins,Erik@Pullins.com,4384311152
John,Young,John@Young.com,8251101859
Marvin,Bell,Marvin@Bell.com,3275028502
Julia,Moya,Julia@Moya.com,
Thomas,Reiser,Thomas@Reiser.com,8750415814
Lara,Kuykendall,Lara@Kuykendall.com,6131695591
Doris,Thomas,Doris@Thomas.com,1023533185
Yolanda,White,Yolanda@White.com,6004406406
Rodney,Francis,Rodney@Francis.com,7819107907
Jason,Carter,Jason@Carter.com,2971434599
Israel,Pearson,Israel@Pearson.com,3943602250
Eileen,Donnellan,Eileen@Donnellan.com,2240146982
Rita,Laskey,Rita@Laskey.com,2345843845
Sheridan,Holman,Sheridan@Holman.com,1799071427
Steve,Thompson,,6458437339
Priscilla,Bond,Priscilla@Bond.com,1189819925
John,Bumpus,John@Bumpus.com,2048571645
Scott,Polzin,Scott@Polzin.com,5917781846
Leslie,Drake,Leslie@Drake.com,9896281630
Richard,Abrew,Richard@Abrew.com,9179100755
Mary,Bauman,Mary@Bauman.com,3020316738
Betty,Hickam,Betty@Hickam.com,4549596750
William,Hicks,William@Hicks.com,5237835320
Amanda,Miller,Amanda@Miller.com,
,Hernandez,Elizabeth@Hernandez.com,9400610272
Beverly,Gardner,Beverly@Gardner.com,2615730302
Thomas,,Thomas@Whitaker.com,4526662112
Bruce,Wanda,Bruce@Wanda.com,3266569568
Doris,Lee,Doris@Lee.com,8206904598
Edward,Williams,Edward@Williams.com,8071960384
Mary,,Mary@Pickel.com,8921039546
Allan,Lange,Allan@Lange.com,8113970187
Roger,Bradley,Roger@Bradley.com,8667027549
Andrea,Robinson,Andrea@Robinson.com,1228630543
James,Trongone,James@Trongone.com,7088943194
,East,James@East.com,9334872676
Lauren,Traylor,,1664861232
Dana,Martin,Dana@Martin.com,4948705410
Kelly,Shipman,Kelly@Shipman.com,
Paula,Taylor,Paula@Taylor.com,5188639806
Gerardo,Fletcher,Gerardo@Fletcher.com,3075247238
Dennis,Graves,Dennis@Graves.com,3662343277
Jane,Selders,Jane@Selders.com,7146215284
Robert,Minard,Robert@Minard.com,8333790017
Kevin,Clanton,Kevin@Clanton.com,9076754260
Anette,Peterson,Anette@Peterson.com,1342011000
Steven,Bell,Steven@Bell.com,8574338776
Daniel,Hoag,Daniel@Hoag.com,5254410141
David,Padilla,David@Padilla.com,1817657048
Jennifer,Barnhill,Jennifer@Barnhill.com,1097026522
Kristin,Shawgo,Kristin@Shawgo.com,4801611257
Gary,Wilson,Gary@Wilson.com,2975567030
Emmanuel,Gluck,Emmanuel@Gluck.com,4529642181
Steven,Simonsen,Steven@Simonsen.com,7790388074
Kathleen,Quezada,Kathleen@Quezada.com,5844654987
Debra,Melendez,Debra@Melendez.com,5344783326
Henry,Oconnell,Henry@Oconnell.com,9358159416
Mark,Woods,Mark@Woods.com,5724473945
Sara,Ferguson,Sara@Ferguson.com,4797195926
Mary,Pugh,Mary@Pugh.com,3256531592
Marion,Mcmorris,Marion@Mcmorris.com,8903450872
Jill,King,Jill@King.com,8773174789
Sherry,Tecuanhuey,Sherry@Tecuanhuey.com,9329573005
Alverta,Vazquez,Alverta@Vazquez.com,1359486442
Lacey,,Lacey@Duffy.com,7768272219
Sarah,Ervin,Sarah@Ervin.com,7476530086
Esther,Valladares,Esther@Valladares.com,3608104025
Rodney,Pederson,Rodney@Pederson.com,1981981619
