First Name,Last Name,Email,Phone Number
Terry,Dixon,Terry@Dixon.com,
William,Lorenz,William@Lorenz.com,7794562264
Michael,Cantrell,Michael@Cantrell.com,7334898877
Travis,Rushing,Travis@Rushing.com,6861855629
,Tyler,Joseph@Tyler.com,5652160813
William,Bannerman,William@Bannerman.com,1600322458
Brian,Taylor,Brian@Taylor.com,5186805338
Nancy,Headley,Nancy@Headley.com,
Raymon,Mcginn,Raymon@Mcginn.com,
Thomas,,Thomas@Pimenta.com,5463572386
Gordon,Gresham,Gordon@Gresham.com,7188597448
Lisa,Alvarez,Lisa@Alvarez.com,6234857944
Fred,Williams,Fred@Williams.com,6541413119
Florence,,Florence@Smith.com,4304885412
James,Lehman,James@Lehman.com,1958181018
,Tolbert,Kimberly@Tolbert.com,8594895160
Vernon,Smith,Vernon@Smith.com,2085932933
Ana,Lybrand,Ana@Lybrand.com,7434055448
Christopher,Morgan,Christopher@Morgan.com,3254422466
Jeffrey,Ruot,Jeffrey@Ruot.com,4786049220
Kiera,Hammonds,Kiera@Hammonds.com,
Patricia,Landry,,
,Coleman,Robert@Coleman.com,2879150861
Corinne,Ledwell,,8126363381
Brian,Jalbert,Brian@Jalbert.com,9271175784
Gregoria,Patterson,Gregoria@Patterson.com,8417232294
Russell,Pierson,Russell@Pierson.com,
,Keding,Earlene@Keding.com,5229070934
Edna,Place,Edna@Place.com,7724865298
Brain,Cortez,Brain@Cortez.com,9138625944
Richard,Novak,,3230251311
,Lapidus,Randall@Lapidus.com,8168227017
Russell,Henriques,Russell@Henriques.com,8586605430
Leland,Kelly,Leland@Kelly.com,8103195132
Dustin,Wilson,Dustin@Wilson.com,6020442526
Courtney,Lehman,Courtney@Lehman.com,7103661823
Andrew,Bautista,Andrew@Bautista.com,2235559275
Donald,Conrad,Donald@Conrad.com,5244769259
Donald,Sharrar,Donald@Sharrar.com,5152016109
John,Fuller,John@Fuller.com,3114295825
James,Krueger,James@Krueger.com,2663543825
Clinton,,Clinton@Rojas.com,7504240790
Lori,Leboeuf,Lori@Leboeuf.com,7920199083
Anthony,Pennick,,3353541708
Leonard,Sadler,Leonard@Sadler.com,4510419354
Thomas,Webster,Thomas@Webster.com,3164182271
Lottie,,Lottie@Jones.com,
Irene,Nixon,Irene@Nixon.com,3223488513
Roy,Hamby,Roy@Hamby.com,9823603284
Eden,,Eden@Simas.com,7744168774
Marie,Kay,Marie@Kay.com,
Michael,Carr,Michael@Carr.com,7917506566
Ulrike,Walker,Ulrike@Walker.com,5364222299
,Morgia,Dennis@Morgia.com,
Julius,,Julius@Hull.com,1120206176
Charles,Bradley,Charles@Bradley.com,2274055378
Charles,Johnson,Charles@Johnson.com,9763159418
Nicholas,,Nicholas@Haynes.com,4971184156
Robert,,Robert@Podolsky.com,1358501131
Nancy,Anderson,,7204905785
David,,David@Zachery.com,5029662460
William,Bunnell,William@Bunnell.com,
Ella,Barber,,4613786381
,Mcclendon,Adam@Mcclendon.com,2366338949
David,Fallon,David@Fallon.com,6251760480
Eric,West,Eric@West.com,6402623013
Christine,Leiva,,1985867238
Maureen,Smith,Maureen@Smith.com,2785372952
Nichole,,Nichole@Denison.com,
Jonathon,Strait,Jonathon@Strait.com,2901548443
,Hoskins,Doris@Hoskins.com,3370609341
John,Heter,John@Heter.com,1628170811
Thomas,Harris,Thomas@Harris.com,9955085019
Robert,Harris,Robert@Harris.com,1380953470
Harold,,Harold@Jones.com,8502191358
Barbara,Chavez,Barbara@Chavez.com,4077107917
Billy,Land,Billy@Land.com,
Amy,Baker,Amy@Baker.com,8550540429
Michael,Miller,Michael@Miller.com,4886228585
Phillip,Baumbach,Phillip@Baumbach.com,6379785574
Brigitte,Mcnicholas,Brigitte@Mcnicholas.com,4065410156
,Leef,Ronald@Leef.com,1309679759
Donn,Minton,Donn@Minton.com,8422361059
Darren,Breen,Darren@Breen.com,2125950212
Gregory,Darnell,Gregory@Darnell.com,2257549434
Betty,Jones,Betty@Jones.com,
Monica,Ditzel,Monica@Ditzel.com,4648898235
Armando,King,Armando@King.com,1226600655
Armando,Pate,Armando@Pate.com,7537507000
Clare,,,8948549329
Shelley,Moore,Shelley@Moore.com,5997609744
Mathew,Boulton,Mathew@Boulton.com,6162408457
,Whittingham,Gilbert@Whittingham.com,6022010754
David,Spangler,David@Spangler.com,6471311670
Linda,Hudson,,4907545951
Rachel,Adams,,4970935581
Timothy,Demarsico,Timothy@Demarsico.com,4155110006
Charles,Widner,Charles@Widner.com,4015446895
Stacey,Sanderfer,Stacey@Sanderfer.com,
Robert,Howdeshell,Robert@Howdeshell.com,8533470904
Jennifer,Young,Jennifer@Young.com,2383303983
Micheal,Gillespie,,5690547207
Teddy,Serrano,Teddy@Serrano.com,9498667264
Daniel,Suchan,Daniel@Suchan.com,5334070487
Donna,Hallman,Donna@Hallman.com,3194763359
Mark,Sanchez,Mark@Sanchez.com,6154156664
Maureen,Frasure,Maureen@Frasure.com,4370120775
Patricia,Holmes,Patricia@Holmes.com,3907114339
Laura,Rehm,Laura@Rehm.com,1500822150
Joe,,Joe@Brooks.com,3149446671
James,Haley,,6565813477
June,,June@Sumrall.com,2269308579
Cecile,Cross,Cecile@Cross.com,6014926336
Anna,Gilmore,Anna@Gilmore.com,1159920008
Dalila,Jolly,Dalila@Jolly.com,6945085169
Brandon,Aguirre,,7816681968
Shane,Champagne,Shane@Champagne.com,7632407798
James,Roberts,James@Roberts.com,4090429511
Joyce,Cecot,Joyce@Cecot.com,8119254481
Michael,,Michael@Ponce.com,1738928193
Michael,Vonstein,Michael@Vonstein.com,5764678037
Brenda,Ealey,Brenda@Ealey.com,4398098825
Felipe,Williams,Felipe@Williams.com,7563898573
Brian,,,7304184007
Michael,Johnson,Michael@Johnson.com,1023669482
Wendy,Brantley,Wendy@Brantley.com,2459003443
Annette,Watson,Annette@Watson.com,1217208284
Eric,,Eric@Brewer.com,3757445412
James,Johnson,James@Johnson.com,7215711496
Brian,Baker,,7940404468
Shirley,Sheldon,Shirley@Sheldon.com,5333188078
Wanda,Nelson,,8770834582
Kathy,Rea,Kathy@Rea.com,5750765521
John,Hendricks,John@Hendricks.com,4151548885
Felipe,Leatherwood,,6478765141
Lauren,Lebeouf,Lauren@Lebeouf.com,2695184483
Francis,,Francis@Valdez.com,2604946418
Doris,Walker,Doris@Walker.com,7692401012
Dana,Regnier,Dana@Regnier.com,9552084322
Ashley,Malm,Ashley@Malm.com,2526943186
,Leos,William@Leos.com,7026871251
Nestor,,Nestor@Holman.com,3629946971
Brenda,Hudson,Brenda@Hudson.com,4512544122
Chelsea,Frazier,Chelsea@Frazier.com,6073714287
Henry,Reeder,Henry@Reeder.com,
Craig,Brown,,3502940043
Ray,Desjardins,Ray@Desjardins.com,3627226692
Stephanie,Mcfarlane,Stephanie@Mcfarlane.com,3427833975
Angela,Bryant,Angela@Bryant.com,2010337769
Patricia,Doherty,Patricia@Doherty.com,9684311536
Gordon,Warkentin,Gordon@Warkentin.com,6089510145
,Palmer,Betty@Palmer.com,9304716675
Leslie,Stiles,Leslie@Stiles.com,3397505229
Roscoe,Garvin,Roscoe@Garvin.com,5694797639
Brenda,Maldonado,Brenda@Maldonado.com,7269631983
Barbara,Lovett,Barbara@Lovett.com,2468745594
Alison,Smith,Alison@Smith.com,
Bill,Prince,Bill@Prince.com,3970010172
Jose,Schroyer,Jose@Schroyer.com,3876913660
Frederick,Thomas,Frederick@Thomas.com,5491446198
Joshua,Standifer,Joshua@Standifer.com,7853040036
Lorenzo,Espinosa,Lorenzo@Espinosa.com,2264759437
Shawn,Lester,Shawn@Lester.com,8569197042
Karl,Marlowe,Karl@Marlowe.com,9434927185
Tyler,,Tyler@Nolan.com,6074124228
,Garcia,Patricia@Garcia.com,7123967989
Harriet,Warren,Harriet@Warren.com,3754172214
Peter,Valentine,Peter@Valentine.com,5405920749
Cynthia,Mclaughlin,,5283450710
William,Hernandez,William@Hernandez.com,1725317461
Anna,Olson,Anna@Olson.com,6340618510
Christopher,Lamar,Christopher@Lamar.com,
,Echols,Randy@Echols.com,8299741933
Mark,Oswalt,Mark@Oswalt.com,4510369191
Frederick,Mccarty,,7066059782
Timothy,Richardson,Timothy@Richardson.com,2820828933
Shirley,,Shirley@Williams.com,1240498671
Robert,Irwin,Robert@Irwin.com,6229517201
Carroll,Davis,Carroll@Davis.com,
Kelly,Tovey,Kelly@Tovey.com,
Laura,Dukich,Laura@Dukich.com,2962393744
Bernadette,Hamilton,,9621078132
Linda,Bonney,Linda@Bonney.com,3196332471
Ella,Kubie,Ella@Kubie.com,
Herbert,Hammon,Herbert@Hammon.com,1497877208
Bertha,Davis,Bertha@Davis.com,8147019857
William,Munoz,William@Munoz.com,8692981976
Latoya,Chamberlain,,
Melissa,Zuber,Melissa@Zuber.com,7300616765
Agustin,Miller,Agustin@Miller.com,5472061859
Jeffery,Bell,Jeffery@Bell.com,
Eric,Latimore,Eric@Latimore.com,5679084587
Shanna,Tomas,Shanna@Tomas.com,7918637073
,Noles,Yolanda@Noles.com,9027325204
Robert,Cox,Robert@Cox.com,3279375681
Gregory,Cohen,Gregory@Cohen.com,6049153675
,Graham,Claudia@Graham.com,8807649301
Sandra,,Sandra@Cook.com,7107666698
Trisha,Chance,Trisha@Chance.com,2226296249
Andrea,Molitor,Andrea@Molitor.com,2910576623
